year,driverId,driver_name,points,place
1955,579,Juan Fangio,40.0,1
1955,475,Stirling Moss,23.0,2
1955,608,Eugenio Castellotti,12.0,3
1955,427,Maurice Trintignant,11.33,4
1955,642,Nino Farina,10.33,5
1955,641,Piero Taruffi,9.0,6
1955,628,Bob Sweikert,8.0,7
1955,643,Roberto Mieres,7.0,8
1955,554,Jean Behra,6.0,9
1955,577,Luigi Musso,6.0,9
1955,648,Karl Kling,5.0,11
1955,653,Jimmy Davies,4.0,12
1955,512,Johnny Thomson,3.0,13
1955,529,Tony Bettenhausen,3.0,13
1955,555,Paul Russo,3.0,13
1955,607,Cesare Perdisa,2.0,17
1955,496,Carlos Menditeguy,2.0,17
1955,633,Luigi Villoresi,2.0,17
1955,498,José Froilán González,2.0,17
1955,657,Bill Vukovich,1.0,22
1955,654,Walt Faulkner,1.0,22
1955,478,Hans Herrmann,1.0,22
1955,519,Bill Homeier,1.0,22
1955,615,Fred Agabashian,0.0,26
1955,659,Jerry Hoyt,0.0,26
1955,596,Ed Elisian,0.0,26
1955,533,Johnny Boyd,0.0,26
1955,449,Rodger Ward,0.0,26
1955,558,Al Keller,0.0,26
1955,658,Jack McGrath,0.0,26
1955,525,Jimmy Bryan,0.0,26
1955,561,Ray Crawford,0.0,26
1955,532,Eddie Russo,0.0,26
1955,593,Johnnie Parsons,0.0,26
1955,631,Keith Andrews,0.0,26
1955,611,Sam Hanks,0.0,26
1955,523,Shorty Templeman,0.0,26
1955,656,Art Cross,0.0,26
1955,655,Cal Niday,0.0,26
1955,528,Don Freeland,0.0,26
1955,509,Jim Rathmann,0.0,26
1955,513,Eddie Johnson,0.0,26
1955,563,Chuck Weyant,0.0,26
1955,518,Duane Carter,0.0,26
1955,559,Pat Flaherty,0.0,26
1955,556,Jimmy Daywalt,0.0,26
1955,597,Pat O'Connor,0.0,26
1955,538,Al Herman,0.0,26
1955,612,Andy Linden,0.0,26
1955,652,Ted Whiteaway,0.0,26
1955,651,Lance Macklin,0.0,26
1955,627,Louis Rosier,0.0,26
1955,578,Mike Hawthorn,0.0,26
1955,609,André Simon,0.0,26
1955,626,Robert Manzon,0.0,26
1955,650,Jacques Pollet,0.0,26
1955,589,Louis Chiron,0.0,26
1955,649,Pablo Birger,0.0,26
1955,625,Élie Bayol,0.0,26
1955,647,Alberto Ascari,0.0,26
1955,623,Alberto Uria,0.0,26
1955,646,Jesús Iglesias,0.0,26
1955,645,Clemar Bucci,0.0,26
1955,644,Sergio Mantovani,0.0,26
1955,501,Harry Schell,0.0,26
1956,579,Juan Fangio,30.0,1
1956,475,Stirling Moss,27.0,2
1956,581,Peter Collins,25.0,3
1956,554,Jean Behra,22.0,4
1956,559,Pat Flaherty,8.0,5
1956,608,Eugenio Castellotti,7.5,6
1956,580,Paco Godia,6.0,7
1956,632,Paul Frère,6.0,7
1956,611,Sam Hanks,6.0,7
1956,486,Jack Fairman,5.0,10
1956,541,Ron Flockhart,4.0,11
1956,528,Don Freeland,4.0,11
1956,578,Mike Hawthorn,4.0,11
1956,577,Luigi Musso,4.0,11
1956,606,Alfonso de Portago,3.0,15
1956,593,Johnnie Parsons,3.0,15
1956,501,Harry Schell,3.0,15
1956,607,Cesare Perdisa,3.0,15
1956,633,Luigi Villoresi,2.0,19
1956,537,Dick Rathmann,2.0,19
1956,627,Louis Rosier,2.0,19
1956,547,Horace Gould,2.0,19
1956,624,Hernando da Silva Ramos,2.0,19
1956,482,Olivier Gendebien,2.0,19
1956,583,Gerino Gerini,1.5,25
1956,622,Chico Landi,1.5,25
1956,555,Paul Russo,1.0,27
1956,347,Jo Bonnier,0.0,28
1956,532,Eddie Russo,0.0,28
1956,806,Óscar González,0.0,28
1956,476,Wolfgang von Trips,0.0,28
1956,610,Les Leston,0.0,28
1956,641,Piero Taruffi,0.0,28
1956,640,Toulo de Graffenried,0.0,28
1956,639,André Milhoux,0.0,28
1956,638,Ottorino Volonterio,0.0,28
1956,356,Jack Brabham,0.0,28
1956,585,Paul Emery,0.0,28
1956,637,Archie Scott Brown,0.0,28
1956,620,Umberto Maglioli,0.0,28
1956,506,Bruce Halford,0.0,28
1956,456,Roy Salvadori,0.0,28
1956,636,Desmond Titterington,0.0,28
1956,619,Bob Gerard,0.0,28
1956,635,Colin Chapman,0.0,28
1956,609,André Simon,0.0,28
1956,634,Piero Scotti,0.0,28
1956,429,André Pilette,0.0,28
1956,512,Johnny Thomson,0.0,28
1956,526,Troy Ruttman,0.0,28
1956,533,Johnny Boyd,0.0,28
1956,561,Ray Crawford,0.0,28
1956,538,Al Herman,0.0,28
1956,612,Andy Linden,0.0,28
1956,631,Keith Andrews,0.0,28
1956,562,Jack Turner,0.0,28
1956,556,Jimmy Daywalt,0.0,28
1956,596,Ed Elisian,0.0,28
1956,529,Tony Bettenhausen,0.0,28
1956,594,Johnnie Tolan,0.0,28
1956,509,Jim Rathmann,0.0,28
1956,525,Jimmy Bryan,0.0,28
1956,597,Pat O'Connor,0.0,28
1956,630,Duke Dinsmore,0.0,28
1956,595,Billy Garrett,0.0,28
1956,513,Eddie Johnson,0.0,28
1956,558,Al Keller,0.0,28
1956,516,Bob Christie,0.0,28
1956,615,Fred Agabashian,0.0,28
1956,520,Gene Hartley,0.0,28
1956,629,Cliff Griffith,0.0,28
1956,592,Jimmy Reece,0.0,28
1956,449,Rodger Ward,0.0,28
1956,514,Bob Veith,0.0,28
1956,628,Bob Sweikert,0.0,28
1956,589,Louis Chiron,0.0,28
1956,479,Tony Brooks,0.0,28
1956,483,Giorgio Scarlatti,0.0,28
1956,427,Maurice Trintignant,0.0,28
1956,626,Robert Manzon,0.0,28
1956,625,Élie Bayol,0.0,28
1956,498,José Froilán González,0.0,28
1956,496,Carlos Menditeguy,0.0,28
1956,586,Luigi Piotti,0.0,28
1956,623,Alberto Uria,0.0,28
1957,579,Juan Fangio,40.0,1
1957,475,Stirling Moss,25.0,2
1957,577,Luigi Musso,16.0,3
1957,578,Mike Hawthorn,13.0,4
1957,479,Tony Brooks,11.0,5
1957,418,Masten Gregory,10.0,6
1957,501,Harry Schell,10.0,6
1957,611,Sam Hanks,8.0,8
1957,581,Peter Collins,8.0,8
1957,509,Jim Rathmann,7.0,10
1957,554,Jean Behra,6.0,11
1957,427,Maurice Trintignant,5.0,12
1957,590,Stuart Lewis-Evans,5.0,12
1957,525,Jimmy Bryan,4.0,14
1957,476,Wolfgang von Trips,4.0,14
1957,496,Carlos Menditeguy,4.0,14
1957,555,Paul Russo,3.0,17
1957,612,Andy Linden,2.0,18
1957,456,Roy Salvadori,2.0,18
1957,498,José Froilán González,1.0,20
1957,483,Giorgio Scarlatti,1.0,20
1957,606,Alfonso de Portago,1.0,20
1957,638,Ottorino Volonterio,0.0,23
1957,601,Dick Gibson,0.0,23
1957,621,Paul England,0.0,23
1957,580,Paco Godia,0.0,23
1957,620,Umberto Maglioli,0.0,23
1957,459,Tony Marsh,0.0,23
1957,430,Carel Godin de Beaufort,0.0,23
1957,484,Brian Naylor,0.0,23
1957,431,Edgar Barth,0.0,23
1957,506,Bruce Halford,0.0,23
1957,486,Jack Fairman,0.0,23
1957,619,Bob Gerard,0.0,23
1957,618,Herbert MacKay-Fraser,0.0,23
1957,617,Mike MacDowel,0.0,23
1957,616,Elmer George,0.0,23
1957,532,Eddie Russo,0.0,23
1957,526,Troy Ruttman,0.0,23
1957,449,Rodger Ward,0.0,23
1957,596,Ed Elisian,0.0,23
1957,556,Jimmy Daywalt,0.0,23
1957,558,Al Keller,0.0,23
1957,560,Bill Cheesbourg,0.0,23
1957,513,Eddie Johnson,0.0,23
1957,565,Mike Magill,0.0,23
1957,527,Eddie Sachs,0.0,23
1957,615,Fred Agabashian,0.0,23
1957,538,Al Herman,0.0,23
1957,594,Johnnie Tolan,0.0,23
1957,614,Don Edmunds,0.0,23
1957,592,Jimmy Reece,0.0,23
1957,528,Don Freeland,0.0,23
1957,593,Johnnie Parsons,0.0,23
1957,529,Tony Bettenhausen,0.0,23
1957,563,Chuck Weyant,0.0,23
1957,516,Bob Christie,0.0,23
1957,512,Johnny Thomson,0.0,23
1957,562,Jack Turner,0.0,23
1957,520,Gene Hartley,0.0,23
1957,514,Bob Veith,0.0,23
1957,597,Pat O'Connor,0.0,23
1957,613,Marshall Teague,0.0,23
1957,533,Johnny Boyd,0.0,23
1957,610,Les Leston,0.0,23
1957,609,André Simon,0.0,23
1957,478,Hans Herrmann,0.0,23
1957,547,Horace Gould,0.0,23
1957,549,Ivor Bueb,0.0,23
1957,541,Ron Flockhart,0.0,23
1957,356,Jack Brabham,0.0,23
1957,608,Eugenio Castellotti,0.0,23
1957,586,Luigi Piotti,0.0,23
1957,573,Alessandro de Tomaso,0.0,23
1957,347,Jo Bonnier,0.0,23
1957,607,Cesare Perdisa,0.0,23
1958,578,Mike Hawthorn,42.0,1
1958,475,Stirling Moss,41.0,2
1958,479,Tony Brooks,24.0,3
1958,456,Roy Salvadori,15.0,4
1958,581,Peter Collins,14.0,5
1958,501,Harry Schell,14.0,5
1958,427,Maurice Trintignant,12.0,7
1958,577,Luigi Musso,12.0,7
1958,590,Stuart Lewis-Evans,11.0,9
1958,403,Phil Hill,9.0,10
1958,476,Wolfgang von Trips,9.0,10
1958,554,Jean Behra,9.0,10
1958,525,Jimmy Bryan,8.0,13
1958,579,Juan Fangio,7.0,14
1958,591,George Amick,6.0,15
1958,529,Tony Bettenhausen,4.0,16
1958,533,Johnny Boyd,4.0,16
1958,347,Jo Bonnier,3.0,18
1958,477,Cliff Allison,3.0,18
1958,356,Jack Brabham,3.0,18
1958,509,Jim Rathmann,2.0,21
1958,605,Tom Bridger,0.0,22
1958,604,François Picard,0.0,22
1958,603,André Guelfi,0.0,22
1958,602,Robert La Caze,0.0,22
1958,484,Brian Naylor,0.0,22
1958,601,Dick Gibson,0.0,22
1958,478,Hans Herrmann,0.0,22
1958,600,Christian Goethals,0.0,22
1958,459,Tony Marsh,0.0,22
1958,431,Edgar Barth,0.0,22
1958,360,Bruce McLaren,0.0,22
1958,486,Jack Fairman,0.0,22
1958,502,Alan Stacey,0.0,22
1958,549,Ivor Bueb,0.0,22
1958,437,Ian Burgess,0.0,22
1958,566,Carroll Shelby,0.0,22
1958,526,Troy Ruttman,0.0,22
1958,455,Wolfgang Seidel,0.0,22
1958,482,Olivier Gendebien,0.0,22
1958,599,Art Bisch,0.0,22
1958,536,Len Sutton,0.0,22
1958,598,Jerry Unser,0.0,22
1958,510,Paul Goldsmith,0.0,22
1958,597,Pat O'Connor,0.0,22
1958,596,Ed Elisian,0.0,22
1958,537,Dick Rathmann,0.0,22
1958,514,Bob Veith,0.0,22
1958,562,Jack Turner,0.0,22
1958,563,Chuck Weyant,0.0,22
1958,512,Johnny Thomson,0.0,22
1958,527,Eddie Sachs,0.0,22
1958,595,Billy Garrett,0.0,22
1958,449,Rodger Ward,0.0,22
1958,523,Shorty Templeman,0.0,22
1958,555,Paul Russo,0.0,22
1958,565,Mike Magill,0.0,22
1958,531,Anthony Foyt,0.0,22
1958,539,Dempsey Wilson,0.0,22
1958,516,Bob Christie,0.0,22
1958,594,Johnnie Tolan,0.0,22
1958,593,Johnnie Parsons,0.0,22
1958,558,Al Keller,0.0,22
1958,560,Bill Cheesbourg,0.0,22
1958,513,Eddie Johnson,0.0,22
1958,564,Jud Larson,0.0,22
1958,528,Don Freeland,0.0,22
1958,592,Jimmy Reece,0.0,22
1958,418,Masten Gregory,0.0,22
1958,430,Carel Godin de Beaufort,0.0,22
1958,589,Louis Chiron,0.0,22
1958,588,Luigi Taramazzo,0.0,22
1958,587,Bernie Ecclestone,0.0,22
1958,586,Luigi Piotti,0.0,22
1958,543,Giulio Cabianca,0.0,22
1958,553,André Testut,0.0,22
1958,551,Maria de Filippis,0.0,22
1958,585,Paul Emery,0.0,22
1958,584,Bruce Kessler,0.0,22
1958,583,Gerino Gerini,0.0,22
1958,582,Ken Kavanagh,0.0,22
1958,541,Ron Flockhart,0.0,22
1958,483,Giorgio Scarlatti,0.0,22
1958,289,Graham Hill,0.0,22
1958,547,Horace Gould,0.0,22
1958,580,Paco Godia,0.0,22
1958,496,Carlos Menditeguy,0.0,22
1959,356,Jack Brabham,31.0,1
1959,479,Tony Brooks,27.0,2
1959,475,Stirling Moss,25.5,3
1959,403,Phil Hill,20.0,4
1959,427,Maurice Trintignant,19.0,5
1959,360,Bruce McLaren,16.5,6
1959,364,Dan Gurney,13.0,7
1959,347,Jo Bonnier,10.0,8
1959,418,Masten Gregory,10.0,8
1959,449,Rodger Ward,8.0,10
1959,509,Jim Rathmann,6.0,11
1959,501,Harry Schell,5.0,12
1959,404,Innes Ireland,5.0,12
1959,512,Johnny Thomson,5.0,12
1959,482,Olivier Gendebien,3.0,15
1959,529,Tony Bettenhausen,3.0,15
1959,554,Jean Behra,2.0,17
1959,477,Cliff Allison,2.0,17
1959,510,Paul Goldsmith,2.0,17
1959,576,Phil Cade,0.0,20
1959,575,Bob Said,0.0,20
1959,574,George Constantine,0.0,20
1959,573,Alessandro de Tomaso,0.0,20
1959,572,Harry Blanchard,0.0,20
1959,543,Giulio Cabianca,0.0,20
1959,432,Mário de Araújo Cabral,0.0,20
1959,441,Tim Parnell,0.0,20
1959,401,Trevor Taylor,0.0,20
1959,571,Dennis Taylor,0.0,20
1959,387,Mike Parkes,0.0,20
1959,570,Bill Moss,0.0,20
1959,465,Keith Greene,0.0,20
1959,456,Roy Salvadori,0.0,20
1959,541,Ron Flockhart,0.0,20
1959,289,Graham Hill,0.0,20
1959,476,Wolfgang von Trips,0.0,20
1959,506,Bruce Halford,0.0,20
1959,549,Ivor Bueb,0.0,20
1959,540,Mike Taylor,0.0,20
1959,484,Brian Naylor,0.0,20
1959,542,David Piper,0.0,20
1959,478,Hans Herrmann,0.0,20
1959,486,Jack Fairman,0.0,20
1959,569,Peter Ashdown,0.0,20
1959,481,Henry Taylor,0.0,20
1959,505,Chris Bristow,0.0,20
1959,502,Alan Stacey,0.0,20
1959,568,Azdrubal Fontes,0.0,20
1959,462,Colin Davis,0.0,20
1959,437,Ian Burgess,0.0,20
1959,567,Fritz d'Orey,0.0,20
1959,566,Carroll Shelby,0.0,20
1959,430,Carel Godin de Beaufort,0.0,20
1959,525,Jimmy Bryan,0.0,20
1959,536,Len Sutton,0.0,20
1959,517,Red Amick,0.0,20
1959,565,Mike Magill,0.0,20
1959,564,Jud Larson,0.0,20
1959,563,Chuck Weyant,0.0,20
1959,562,Jack Turner,0.0,20
1959,522,Bobby Grim,0.0,20
1959,516,Bob Christie,0.0,20
1959,511,Don Branson,0.0,20
1959,561,Ray Crawford,0.0,20
1959,528,Don Freeland,0.0,20
1959,560,Bill Cheesbourg,0.0,20
1959,537,Dick Rathmann,0.0,20
1959,559,Pat Flaherty,0.0,20
1959,558,Al Keller,0.0,20
1959,527,Eddie Sachs,0.0,20
1959,535,Jim McWithey,0.0,20
1959,557,Chuck Arnold,0.0,20
1959,556,Jimmy Daywalt,0.0,20
1959,538,Al Herman,0.0,20
1959,514,Bob Veith,0.0,20
1959,520,Gene Hartley,0.0,20
1959,531,Anthony Foyt,0.0,20
1959,555,Paul Russo,0.0,20
1959,513,Eddie Johnson,0.0,20
1959,518,Duane Carter,0.0,20
1959,533,Johnny Boyd,0.0,20
1959,553,André Testut,0.0,20
1959,552,Jean Lucienbonnet,0.0,20
1959,353,Pete Lovely,0.0,20
1959,551,Maria de Filippis,0.0,20
1959,376,Lucien Bianchi,0.0,20
1959,550,Alain de Changy,0.0,20
1959,483,Giorgio Scarlatti,0.0,20
1960,356,Jack Brabham,43.0,1
1960,360,Bruce McLaren,34.0,2
1960,475,Stirling Moss,19.0,3
1960,404,Innes Ireland,18.0,4
1960,403,Phil Hill,16.0,5
1960,482,Olivier Gendebien,10.0,6
1960,476,Wolfgang von Trips,10.0,6
1960,373,Jim Clark,8.0,8
1960,509,Jim Rathmann,8.0,8
1960,386,Richie Ginther,8.0,8
1960,479,Tony Brooks,7.0,11
1960,449,Rodger Ward,6.0,12
1960,341,John Surtees,6.0,12
1960,477,Cliff Allison,6.0,12
1960,435,Willy Mairesse,4.0,15
1960,510,Paul Goldsmith,4.0,15
1960,289,Graham Hill,4.0,15
1960,347,Jo Bonnier,4.0,15
1960,543,Giulio Cabianca,3.0,19
1960,481,Henry Taylor,3.0,19
1960,511,Don Branson,3.0,19
1960,496,Carlos Menditeguy,3.0,19
1960,512,Johnny Thomson,2.0,23
1960,478,Hans Herrmann,1.0,24
1960,541,Ron Flockhart,1.0,24
1960,376,Lucien Bianchi,1.0,24
1960,513,Eddie Johnson,1.0,24
1960,548,Bob Drake,0.0,28
1960,353,Pete Lovely,0.0,28
1960,440,Jim Hall,0.0,28
1960,547,Horace Gould,0.0,28
1960,546,Arthur Owen,0.0,28
1960,398,Vic Wilson,0.0,28
1960,491,Alfonso Thiele,0.0,28
1960,545,Fred Gamble,0.0,28
1960,455,Wolfgang Seidel,0.0,28
1960,544,Piero Drogo,0.0,28
1960,431,Edgar Barth,0.0,28
1960,432,Mário de Araújo Cabral,0.0,28
1960,465,Keith Greene,0.0,28
1960,486,Jack Fairman,0.0,28
1960,542,David Piper,0.0,28
1960,540,Mike Taylor,0.0,28
1960,430,Carel Godin de Beaufort,0.0,28
1960,539,Dempsey Wilson,0.0,28
1960,538,Al Herman,0.0,28
1960,537,Dick Rathmann,0.0,28
1960,536,Len Sutton,0.0,28
1960,535,Jim McWithey,0.0,28
1960,534,Gene Force,0.0,28
1960,533,Johnny Boyd,0.0,28
1960,532,Eddie Russo,0.0,28
1960,531,Anthony Foyt,0.0,28
1960,530,Wayne Weiler,0.0,28
1960,529,Tony Bettenhausen,0.0,28
1960,528,Don Freeland,0.0,28
1960,527,Eddie Sachs,0.0,28
1960,526,Troy Ruttman,0.0,28
1960,525,Jimmy Bryan,0.0,28
1960,524,Jim Hurtubise,0.0,28
1960,523,Shorty Templeman,0.0,28
1960,522,Bobby Grim,0.0,28
1960,521,Chuck Stevenson,0.0,28
1960,520,Gene Hartley,0.0,28
1960,519,Bill Homeier,0.0,28
1960,518,Duane Carter,0.0,28
1960,517,Red Amick,0.0,28
1960,516,Bob Christie,0.0,28
1960,515,Bud Tingelstad,0.0,28
1960,514,Bob Veith,0.0,28
1960,494,Lloyd Ruby,0.0,28
1960,437,Ian Burgess,0.0,28
1960,508,Lance Reventlow,0.0,28
1960,507,Chuck Daigh,0.0,28
1960,484,Brian Naylor,0.0,28
1960,506,Bruce Halford,0.0,28
1960,427,Maurice Trintignant,0.0,28
1960,505,Chris Bristow,0.0,28
1960,456,Roy Salvadori,0.0,28
1960,364,Dan Gurney,0.0,28
1960,483,Giorgio Scarlatti,0.0,28
1960,504,Antonio Creus,0.0,28
1960,503,Ettore Chimeri,0.0,28
1960,502,Alan Stacey,0.0,28
1960,501,Harry Schell,0.0,28
1960,439,Nasif Estéfano,0.0,28
1960,500,Gino Munaron,0.0,28
1960,418,Masten Gregory,0.0,28
1960,499,Roberto Bonomi,0.0,28
1960,498,José Froilán González,0.0,28
1960,497,Alberto Rodriguez Larreta,0.0,28
1961,403,Phil Hill,34.0,1
1961,476,Wolfgang von Trips,33.0,2
1961,364,Dan Gurney,21.0,3
1961,475,Stirling Moss,21.0,3
1961,386,Richie Ginther,16.0,5
1961,404,Innes Ireland,12.0,6
1961,373,Jim Clark,11.0,7
1961,360,Bruce McLaren,11.0,7
1961,394,Giancarlo Baghetti,9.0,9
1961,479,Tony Brooks,6.0,10
1961,356,Jack Brabham,4.0,11
1961,341,John Surtees,4.0,11
1961,453,Jackie Lewis,3.0,13
1961,482,Olivier Gendebien,3.0,13
1961,289,Graham Hill,3.0,13
1961,347,Jo Bonnier,3.0,13
1961,456,Roy Salvadori,2.0,17
1961,495,Ken Miles,0.0,18
1961,433,Walt Hansgen,0.0,18
1961,494,Lloyd Ruby,0.0,18
1961,440,Jim Hall,0.0,18
1961,434,Hap Sharp,0.0,18
1961,493,Peter Ryan,0.0,18
1961,468,Roger Penske,0.0,18
1961,492,Menato Boffa,0.0,18
1961,467,Ernesto Prinoth,0.0,18
1961,491,Alfonso Thiele,0.0,18
1961,429,André Pilette,0.0,18
1961,444,Roberto Lippi,0.0,18
1961,424,Roberto Bussinello,0.0,18
1961,486,Jack Fairman,0.0,18
1961,425,Nino Vaccarella,0.0,18
1961,454,Ricardo Rodríguez,0.0,18
1961,447,Gaetano Starrabba,0.0,18
1961,436,John Campbell-Jones,0.0,18
1961,490,Geoff Duke,0.0,18
1961,489,Renato Pirocchi,0.0,18
1961,488,Peter Monteverdi,0.0,18
1961,431,Edgar Barth,0.0,18
1961,487,Massimo Natili,0.0,18
1961,460,Gerry Ashmore,0.0,18
1961,441,Tim Parnell,0.0,18
1961,465,Keith Greene,0.0,18
1961,408,Tony Maggs,0.0,18
1961,484,Brian Naylor,0.0,18
1961,485,Juan Manuel Bordeu,0.0,18
1961,428,Bernard Collomb,0.0,18
1961,483,Giorgio Scarlatti,0.0,18
1961,455,Wolfgang Seidel,0.0,18
1961,459,Tony Marsh,0.0,18
1961,435,Willy Mairesse,0.0,18
1961,385,Lorenzo Bandini,0.0,18
1961,437,Ian Burgess,0.0,18
1961,430,Carel Godin de Beaufort,0.0,18
1961,401,Trevor Taylor,0.0,18
1961,376,Lucien Bianchi,0.0,18
1961,418,Masten Gregory,0.0,18
1961,481,Henry Taylor,0.0,18
1961,480,Michael May,0.0,18
1961,478,Hans Herrmann,0.0,18
1961,477,Cliff Allison,0.0,18
1961,427,Maurice Trintignant,0.0,18
1962,289,Graham Hill,42.0,1
1962,373,Jim Clark,30.0,2
1962,360,Bruce McLaren,27.0,3
1962,341,John Surtees,19.0,4
1962,364,Dan Gurney,15.0,5
1962,403,Phil Hill,14.0,6
1962,408,Tony Maggs,13.0,7
1962,386,Richie Ginther,10.0,8
1962,356,Jack Brabham,9.0,9
1962,401,Trevor Taylor,6.0,10
1962,394,Giancarlo Baghetti,5.0,11
1962,385,Lorenzo Bandini,4.0,12
1962,454,Ricardo Rodríguez,4.0,12
1962,435,Willy Mairesse,3.0,14
1962,347,Jo Bonnier,3.0,14
1962,404,Innes Ireland,2.0,16
1962,430,Carel Godin de Beaufort,2.0,16
1962,410,Neville Lederle,1.0,18
1962,418,Masten Gregory,1.0,18
1962,368,Sam Tingle,0.0,20
1962,474,Syd van der Vyver,0.0,20
1962,473,Gary Hocking,0.0,20
1962,472,Mike Harris,0.0,20
1962,411,Doug Serrurier,0.0,20
1962,413,Ernie Pieterse,0.0,20
1962,471,Bruce Johnstone,0.0,20
1962,340,John Love,0.0,20
1962,440,Jim Hall,0.0,20
1962,470,Timmy Mayer,0.0,20
1962,434,Hap Sharp,0.0,20
1962,469,Rob Schroeder,0.0,20
1962,468,Roger Penske,0.0,20
1962,442,Kurt Kuhnke,0.0,20
1962,439,Nasif Estéfano,0.0,20
1962,444,Roberto Lippi,0.0,20
1962,467,Ernesto Prinoth,0.0,20
1962,445,Günther Seiffert,0.0,20
1962,428,Bernard Collomb,0.0,20
1962,466,Heini Walter,0.0,20
1962,465,Keith Greene,0.0,20
1962,464,Tony Shelly,0.0,20
1962,463,Jay Chamberlain,0.0,20
1962,438,Tony Settember,0.0,20
1962,437,Ian Burgess,0.0,20
1962,446,Carlo Abate,0.0,20
1962,462,Colin Davis,0.0,20
1962,397,Peter Arundell,0.0,20
1962,461,Heinz Schiller,0.0,20
1962,460,Gerry Ashmore,0.0,20
1962,436,John Campbell-Jones,0.0,20
1962,376,Lucien Bianchi,0.0,20
1962,459,Tony Marsh,0.0,20
1962,424,Roberto Bussinello,0.0,20
1962,425,Nino Vaccarella,0.0,20
1962,346,Jo Siffert,0.0,20
1962,427,Maurice Trintignant,0.0,20
1962,458,Rob Slotemaker,0.0,20
1962,457,Ben Pon,0.0,20
1962,456,Roy Salvadori,0.0,20
1962,455,Wolfgang Seidel,0.0,20
1962,453,Jackie Lewis,0.0,20
1963,373,Jim Clark,54.0,1
1963,289,Graham Hill,29.0,2
1963,386,Richie Ginther,29.0,2
1963,341,John Surtees,22.0,4
1963,364,Dan Gurney,19.0,5
1963,360,Bruce McLaren,17.0,6
1963,356,Jack Brabham,14.0,7
1963,408,Tony Maggs,9.0,8
1963,385,Lorenzo Bandini,6.0,9
1963,404,Innes Ireland,6.0,9
1963,347,Jo Bonnier,6.0,9
1963,423,Gerhard Mitter,3.0,12
1963,440,Jim Hall,3.0,12
1963,430,Carel Godin de Beaufort,2.0,14
1963,346,Jo Siffert,1.0,15
1963,375,Ludovico Scarfiotti,1.0,15
1963,401,Trevor Taylor,1.0,15
1963,278,Chris Amon,0.0,18
1963,428,Bernard Collomb,0.0,18
1963,403,Phil Hill,0.0,18
1963,394,Giancarlo Baghetti,0.0,18
1963,436,John Campbell-Jones,0.0,18
1963,452,Thomas Monarch,0.0,18
1963,382,Moisés Solana,0.0,18
1963,429,André Pilette,0.0,18
1963,410,Neville Lederle,0.0,18
1963,310,Paddy Driver,0.0,18
1963,368,Sam Tingle,0.0,18
1963,413,Ernie Pieterse,0.0,18
1963,362,Peter de Klerk,0.0,18
1963,409,Trevor Blokdyk,0.0,18
1963,340,John Love,0.0,18
1963,451,Frank Dochnal,0.0,18
1963,450,Ernie de Vos,0.0,18
1963,433,Walt Hansgen,0.0,18
1963,434,Hap Sharp,0.0,18
1963,345,Pedro Rodríguez,0.0,18
1963,449,Rodger Ward,0.0,18
1963,448,Peter Broeker,0.0,18
1963,447,Gaetano Starrabba,0.0,18
1963,446,Carlo Abate,0.0,18
1963,445,Günther Seiffert,0.0,18
1963,444,Roberto Lippi,0.0,18
1963,443,Ernesto Brambilla,0.0,18
1963,374,Mike Spence,0.0,18
1963,442,Kurt Kuhnke,0.0,18
1963,441,Tim Parnell,0.0,18
1963,432,Mário de Araújo Cabral,0.0,18
1963,420,Ian Raby,0.0,18
1963,305,Mike Hailwood,0.0,18
1963,383,Bob Anderson,0.0,18
1963,418,Masten Gregory,0.0,18
1963,397,Peter Arundell,0.0,18
1963,376,Lucien Bianchi,0.0,18
1963,439,Nasif Estéfano,0.0,18
1963,438,Tony Settember,0.0,18
1963,437,Ian Burgess,0.0,18
1963,427,Maurice Trintignant,0.0,18
1963,435,Willy Mairesse,0.0,18
1963,411,Doug Serrurier,0.0,18
1963,407,David Prophet,0.0,18
1963,412,Brausch Niemann,0.0,18
1964,341,John Surtees,40.0,1
1964,289,Graham Hill,39.0,2
1964,373,Jim Clark,32.0,3
1964,385,Lorenzo Bandini,23.0,4
1964,386,Richie Ginther,23.0,4
1964,364,Dan Gurney,19.0,6
1964,360,Bruce McLaren,13.0,7
1964,356,Jack Brabham,11.0,8
1964,397,Peter Arundell,11.0,8
1964,346,Jo Siffert,7.0,10
1964,383,Bob Anderson,5.0,11
1964,374,Mike Spence,4.0,12
1964,408,Tony Maggs,4.0,12
1964,404,Innes Ireland,4.0,12
1964,347,Jo Bonnier,3.0,15
1964,433,Walt Hansgen,2.0,16
1964,278,Chris Amon,2.0,16
1964,427,Maurice Trintignant,2.0,16
1964,345,Pedro Rodríguez,1.0,19
1964,401,Trevor Taylor,1.0,19
1964,403,Phil Hill,1.0,19
1964,305,Mike Hailwood,1.0,19
1964,382,Moisés Solana,0.0,23
1964,434,Hap Sharp,0.0,23
1964,340,John Love,0.0,23
1964,402,Giacomo Russo,0.0,23
1964,432,Mário de Araújo Cabral,0.0,23
1964,375,Ludovico Scarfiotti,0.0,23
1964,358,Jochen Rindt,0.0,23
1964,431,Edgar Barth,0.0,23
1964,405,Ronnie Bucknum,0.0,23
1964,423,Gerhard Mitter,0.0,23
1964,370,Richard Attwood,0.0,23
1964,380,Frank Gardner,0.0,23
1964,420,Ian Raby,0.0,23
1964,399,John Taylor,0.0,23
1964,430,Carel Godin de Beaufort,0.0,23
1964,394,Giancarlo Baghetti,0.0,23
1964,429,André Pilette,0.0,23
1964,428,Bernard Collomb,0.0,23
1964,309,Peter Revson,0.0,23
1965,373,Jim Clark,54.0,1
1965,289,Graham Hill,40.0,2
1965,328,Jackie Stewart,33.0,3
1965,364,Dan Gurney,25.0,4
1965,341,John Surtees,17.0,5
1965,385,Lorenzo Bandini,13.0,6
1965,386,Richie Ginther,11.0,7
1965,360,Bruce McLaren,10.0,8
1965,374,Mike Spence,10.0,8
1965,356,Jack Brabham,9.0,10
1965,304,Denny Hulme,5.0,11
1965,346,Jo Siffert,5.0,11
1965,358,Jochen Rindt,4.0,13
1965,345,Pedro Rodríguez,2.0,14
1965,405,Ronnie Bucknum,2.0,14
1965,370,Richard Attwood,2.0,14
1965,375,Ludovico Scarfiotti,0.0,17
1965,382,Moisés Solana,0.0,17
1965,396,Bob Bondurant,0.0,17
1965,426,Giorgio Bassi,0.0,17
1965,394,Giancarlo Baghetti,0.0,17
1965,402,Giacomo Russo,0.0,17
1965,425,Nino Vaccarella,0.0,17
1965,424,Roberto Bussinello,0.0,17
1965,423,Gerhard Mitter,0.0,17
1965,422,Brian Gubby,0.0,17
1965,421,Alan Rollinson,0.0,17
1965,419,John Rhodes,0.0,17
1965,420,Ian Raby,0.0,17
1965,278,Chris Amon,0.0,17
1965,418,Masten Gregory,0.0,17
1965,404,Innes Ireland,0.0,17
1965,376,Lucien Bianchi,0.0,17
1965,305,Mike Hailwood,0.0,17
1965,417,Alex Blignaut,0.0,17
1965,416,David Clapham,0.0,17
1965,415,Ray Reed,0.0,17
1965,293,Dave Charlton,0.0,17
1965,334,Jackie Pretorius,0.0,17
1965,414,Clive Puzey,0.0,17
1965,413,Ernie Pieterse,0.0,17
1965,412,Brausch Niemann,0.0,17
1965,411,Doug Serrurier,0.0,17
1965,410,Neville Lederle,0.0,17
1965,409,Trevor Blokdyk,0.0,17
1965,340,John Love,0.0,17
1965,347,Jo Bonnier,0.0,17
1965,383,Bob Anderson,0.0,17
1965,407,David Prophet,0.0,17
1965,368,Sam Tingle,0.0,17
1965,380,Frank Gardner,0.0,17
1965,408,Tony Maggs,0.0,17
1965,362,Peter de Klerk,0.0,17
1965,406,Paul Hawkins,0.0,17
1966,356,Jack Brabham,42.0,1
1966,341,John Surtees,28.0,2
1966,358,Jochen Rindt,22.0,3
1966,304,Denny Hulme,18.0,4
1966,289,Graham Hill,17.0,5
1966,373,Jim Clark,16.0,6
1966,328,Jackie Stewart,14.0,7
1966,387,Mike Parkes,12.0,8
1966,385,Lorenzo Bandini,12.0,8
1966,375,Ludovico Scarfiotti,9.0,10
1966,386,Richie Ginther,5.0,11
1966,364,Dan Gurney,4.0,12
1966,374,Mike Spence,4.0,12
1966,360,Bruce McLaren,3.0,14
1966,346,Jo Siffert,3.0,14
1966,396,Bob Bondurant,3.0,14
1966,399,John Taylor,1.0,17
1966,397,Peter Arundell,1.0,17
1966,383,Bob Anderson,1.0,17
1966,347,Jo Bonnier,1.0,17
1966,382,Moisés Solana,0.0,21
1966,405,Ronnie Bucknum,0.0,21
1966,404,Innes Ireland,0.0,21
1966,403,Phil Hill,0.0,21
1966,394,Giancarlo Baghetti,0.0,21
1966,402,Giacomo Russo,0.0,21
1966,401,Trevor Taylor,0.0,21
1966,400,Chris Lawrence,0.0,21
1966,388,Chris Irwin,0.0,21
1966,345,Pedro Rodríguez,0.0,21
1966,278,Chris Amon,0.0,21
1966,398,Vic Wilson,0.0,21
1966,389,Guy Ligier,0.0,21
1967,304,Denny Hulme,51.0,1
1967,356,Jack Brabham,46.0,2
1967,373,Jim Clark,41.0,3
1967,278,Chris Amon,20.0,4
1967,341,John Surtees,20.0,4
1967,289,Graham Hill,15.0,6
1967,345,Pedro Rodríguez,15.0,6
1967,364,Dan Gurney,13.0,8
1967,328,Jackie Stewart,10.0,9
1967,374,Mike Spence,9.0,10
1967,358,Jochen Rindt,6.0,11
1967,346,Jo Siffert,6.0,11
1967,340,John Love,6.0,11
1967,360,Bruce McLaren,3.0,14
1967,347,Jo Bonnier,3.0,14
1967,388,Chris Irwin,2.0,16
1967,387,Mike Parkes,2.0,16
1967,383,Bob Anderson,2.0,16
1967,235,Jacky Ickx,1.0,19
1967,389,Guy Ligier,1.0,19
1967,375,Ludovico Scarfiotti,1.0,19
1967,395,Jonathan Williams,0.0,22
1967,382,Moisés Solana,0.0,22
1967,394,Giancarlo Baghetti,0.0,22
1967,393,Tom Jones,0.0,22
1967,371,Al Pease,0.0,22
1967,392,Mike Fisher,0.0,22
1967,370,Richard Attwood,0.0,22
1967,377,Jo Schlesser,0.0,22
1967,379,Kurt Ahrens,0.0,22
1967,365,Hubert Hahne,0.0,22
1967,391,Brian Hart,0.0,22
1967,262,Jackie Oliver,0.0,22
1967,351,Silvio Moser,0.0,22
1967,390,Alan Rees,0.0,22
1967,322,David Hobbs,0.0,22
1967,386,Richie Ginther,0.0,22
1967,306,Jean-Pierre Beltoise,0.0,22
1967,359,Johnny Servoz-Gavin,0.0,22
1967,385,Lorenzo Bandini,0.0,22
1967,361,Piers Courage,0.0,22
1967,368,Sam Tingle,0.0,22
1967,293,Dave Charlton,0.0,22
1967,384,Luki Botha,0.0,22
1968,289,Graham Hill,48.0,1
1968,328,Jackie Stewart,36.0,2
1968,304,Denny Hulme,33.0,3
1968,235,Jacky Ickx,27.0,4
1968,360,Bruce McLaren,22.0,5
1968,345,Pedro Rodríguez,18.0,6
1968,341,John Surtees,12.0,7
1968,346,Jo Siffert,12.0,7
1968,306,Jean-Pierre Beltoise,11.0,9
1968,278,Chris Amon,10.0,10
1968,373,Jim Clark,9.0,11
1968,358,Jochen Rindt,8.0,12
1968,262,Jackie Oliver,6.0,13
1968,359,Johnny Servoz-Gavin,6.0,13
1968,370,Richard Attwood,6.0,13
1968,375,Ludovico Scarfiotti,6.0,13
1968,350,Vic Elford,5.0,17
1968,376,Lucien Bianchi,5.0,17
1968,361,Piers Courage,4.0,19
1968,312,Brian Redman,4.0,19
1968,347,Jo Bonnier,3.0,21
1968,364,Dan Gurney,3.0,21
1968,351,Silvio Moser,2.0,23
1968,356,Jack Brabham,2.0,23
1968,382,Moisés Solana,0.0,25
1968,207,Mario Andretti,0.0,25
1968,381,Bobby Unser,0.0,25
1968,343,Bill Brack,0.0,25
1968,280,Henri Pescarolo,0.0,25
1968,380,Frank Gardner,0.0,25
1968,321,Derek Bell,0.0,25
1968,322,David Hobbs,0.0,25
1968,379,Kurt Ahrens,0.0,25
1968,365,Hubert Hahne,0.0,25
1968,378,Robin Widdows,0.0,25
1968,377,Jo Schlesser,0.0,25
1968,293,Dave Charlton,0.0,25
1968,374,Mike Spence,0.0,25
1968,333,Andrea de Adamich,0.0,25
1968,369,Basil van Rooyen,0.0,25
1968,368,Sam Tingle,0.0,25
1968,334,Jackie Pretorius,0.0,25
1968,340,John Love,0.0,25
1969,328,Jackie Stewart,63.0,1
1969,235,Jacky Ickx,37.0,2
1969,360,Bruce McLaren,26.0,3
1969,358,Jochen Rindt,22.0,4
1969,306,Jean-Pierre Beltoise,21.0,5
1969,304,Denny Hulme,20.0,6
1969,289,Graham Hill,19.0,7
1969,361,Piers Courage,16.0,8
1969,346,Jo Siffert,15.0,9
1969,356,Jack Brabham,14.0,10
1969,341,John Surtees,6.0,11
1969,278,Chris Amon,4.0,12
1969,350,Vic Elford,3.0,13
1969,370,Richard Attwood,3.0,13
1969,345,Pedro Rodríguez,3.0,13
1969,359,Johnny Servoz-Gavin,1.0,16
1969,351,Silvio Moser,1.0,16
1969,262,Jackie Oliver,1.0,16
1969,352,George Eaton,0.0,19
1969,372,John Cordts,0.0,19
1969,343,Bill Brack,0.0,19
1969,353,Pete Lovely,0.0,19
1969,321,Derek Bell,0.0,19
1969,347,Jo Bonnier,0.0,19
1969,357,John Miles,0.0,19
1969,369,Basil van Rooyen,0.0,19
1969,340,John Love,0.0,19
1969,207,Mario Andretti,0.0,19
1969,362,Peter de Klerk,0.0,19
1969,368,Sam Tingle,0.0,19
1970,358,Jochen Rindt,45.0,1
1970,235,Jacky Ickx,40.0,2
1970,223,Clay Regazzoni,33.0,3
1970,304,Denny Hulme,27.0,4
1970,328,Jackie Stewart,25.0,5
1970,356,Jack Brabham,25.0,5
1970,278,Chris Amon,23.0,7
1970,345,Pedro Rodríguez,23.0,7
1970,306,Jean-Pierre Beltoise,16.0,9
1970,224,Emerson Fittipaldi,12.0,10
1970,243,Rolf Stommelen,10.0,11
1970,280,Henri Pescarolo,8.0,12
1970,289,Graham Hill,7.0,13
1970,360,Bruce McLaren,6.0,14
1970,317,Reine Wisell,4.0,15
1970,207,Mario Andretti,4.0,15
1970,363,Ignazio Giunti,3.0,17
1970,341,John Surtees,3.0,17
1970,262,Jackie Oliver,2.0,19
1970,359,Johnny Servoz-Gavin,2.0,19
1970,357,John Miles,2.0,19
1970,364,Dan Gurney,1.0,22
1970,320,Peter Gethin,1.0,22
1970,327,François Cevert,1.0,22
1970,321,Derek Bell,1.0,22
1970,367,Peter Westbury,0.0,26
1970,366,Gus Hutchison,0.0,26
1970,330,Nanni Galli,0.0,26
1970,347,Jo Bonnier,0.0,26
1970,314,Tim Schenken,0.0,26
1970,365,Hubert Hahne,0.0,26
1970,312,Brian Redman,0.0,26
1970,351,Silvio Moser,0.0,26
1970,353,Pete Lovely,0.0,26
1970,238,Ronnie Peterson,0.0,26
1970,339,Alex Soler-Roig,0.0,26
1970,333,Andrea de Adamich,0.0,26
1970,361,Piers Courage,0.0,26
1970,352,George Eaton,0.0,26
1970,293,Dave Charlton,0.0,26
1970,362,Peter de Klerk,0.0,26
1970,346,Jo Siffert,0.0,26
1970,340,John Love,0.0,26
1971,328,Jackie Stewart,62.0,1
1971,238,Ronnie Peterson,33.0,2
1971,327,François Cevert,26.0,3
1971,346,Jo Siffert,19.0,4
1971,235,Jacky Ickx,19.0,4
1971,224,Emerson Fittipaldi,16.0,6
1971,223,Clay Regazzoni,13.0,7
1971,207,Mario Andretti,12.0,8
1971,320,Peter Gethin,9.0,9
1971,345,Pedro Rodríguez,9.0,9
1971,304,Denny Hulme,9.0,9
1971,278,Chris Amon,9.0,9
1971,317,Reine Wisell,9.0,9
1971,314,Tim Schenken,5.0,14
1971,307,Howden Ganley,5.0,14
1971,288,Mark Donohue,4.0,16
1971,280,Henri Pescarolo,4.0,16
1971,305,Mike Hailwood,3.0,18
1971,341,John Surtees,3.0,18
1971,243,Rolf Stommelen,3.0,18
1971,289,Graham Hill,2.0,21
1971,306,Jean-Pierre Beltoise,1.0,22
1971,309,Peter Revson,0.0,23
1971,344,Sam Posey,0.0,23
1971,355,John Cannon,0.0,23
1971,322,David Hobbs,0.0,23
1971,354,Chris Craft,0.0,23
1971,353,Pete Lovely,0.0,23
1971,352,George Eaton,0.0,23
1971,351,Silvio Moser,0.0,23
1971,197,Jean-Pierre Jarier,0.0,23
1971,182,Niki Lauda,0.0,23
1971,337,Helmut Marko,0.0,23
1971,350,Vic Elford,0.0,23
1971,262,Jackie Oliver,0.0,23
1971,329,Mike Beuttler,0.0,23
1971,321,Derek Bell,0.0,23
1971,330,Nanni Galli,0.0,23
1971,349,Max Jean,0.0,23
1971,348,François Mazet,0.0,23
1971,338,David Walker,0.0,23
1971,298,Gijs van Lennep,0.0,23
1971,342,Skip Barber,0.0,23
1971,339,Alex Soler-Roig,0.0,23
1971,347,Jo Bonnier,0.0,23
1971,334,Jackie Pretorius,0.0,23
1971,340,John Love,0.0,23
1971,293,Dave Charlton,0.0,23
1971,333,Andrea de Adamich,0.0,23
1971,312,Brian Redman,0.0,23
1972,224,Emerson Fittipaldi,61.0,1
1972,328,Jackie Stewart,45.0,2
1972,304,Denny Hulme,39.0,3
1972,235,Jacky Ickx,27.0,4
1972,309,Peter Revson,23.0,5
1972,327,François Cevert,15.0,6
1972,223,Clay Regazzoni,15.0,6
1972,305,Mike Hailwood,13.0,8
1972,278,Chris Amon,12.0,9
1972,238,Ronnie Peterson,12.0,9
1972,306,Jean-Pierre Beltoise,9.0,11
1972,312,Brian Redman,4.0,12
1972,289,Graham Hill,4.0,12
1972,207,Mario Andretti,4.0,12
1972,307,Howden Ganley,4.0,12
1972,250,Carlos Pace,3.0,16
1972,333,Andrea de Adamich,3.0,16
1972,199,Carlos Reutemann,3.0,16
1972,314,Tim Schenken,2.0,19
1972,232,Arturo Merzario,1.0,20
1972,320,Peter Gethin,1.0,20
1972,344,Sam Posey,0.0,22
1972,222,Jody Scheckter,0.0,22
1972,343,Bill Brack,0.0,22
1972,342,Skip Barber,0.0,22
1972,341,John Surtees,0.0,22
1972,296,François Migault,0.0,22
1972,321,Derek Bell,0.0,22
1972,262,Jackie Oliver,0.0,22
1972,221,Patrick Depailler,0.0,22
1972,330,Nanni Galli,0.0,22
1972,329,Mike Beuttler,0.0,22
1972,290,Wilson Fittipaldi,0.0,22
1972,293,Dave Charlton,0.0,22
1972,340,John Love,0.0,22
1972,243,Rolf Stommelen,0.0,22
1972,338,David Walker,0.0,22
1972,339,Alex Soler-Roig,0.0,22
1972,317,Reine Wisell,0.0,22
1972,182,Niki Lauda,0.0,22
1972,337,Helmut Marko,0.0,22
1972,280,Henri Pescarolo,0.0,22
1973,328,Jackie Stewart,71.0,1
1973,224,Emerson Fittipaldi,55.0,2
1973,238,Ronnie Peterson,52.0,3
1973,327,François Cevert,47.0,4
1973,309,Peter Revson,38.0,5
1973,304,Denny Hulme,26.0,6
1973,199,Carlos Reutemann,16.0,7
1973,231,James Hunt,14.0,8
1973,235,Jacky Ickx,12.0,9
1973,306,Jean-Pierre Beltoise,9.0,10
1973,250,Carlos Pace,7.0,11
1973,232,Arturo Merzario,6.0,12
1973,332,George Follmer,5.0,13
1973,262,Jackie Oliver,4.0,14
1973,333,Andrea de Adamich,3.0,15
1973,290,Wilson Fittipaldi,3.0,15
1973,182,Niki Lauda,2.0,17
1973,223,Clay Regazzoni,2.0,17
1973,298,Gijs van Lennep,1.0,19
1973,278,Chris Amon,1.0,19
1973,307,Howden Ganley,1.0,19
1973,320,Peter Gethin,0.0,22
1973,314,Tim Schenken,0.0,22
1973,243,Rolf Stommelen,0.0,22
1973,336,Graham McRae,0.0,22
1973,335,Roger Williamson,0.0,22
1973,200,Jochen Mass,0.0,22
1973,187,John Watson,0.0,22
1973,313,Rikky von Opel,0.0,22
1973,317,Reine Wisell,0.0,22
1973,259,David Purley,0.0,22
1973,289,Graham Hill,0.0,22
1973,280,Henri Pescarolo,0.0,22
1973,293,Dave Charlton,0.0,22
1973,334,Jackie Pretorius,0.0,22
1973,292,Eddie Keizan,0.0,22
1973,222,Jody Scheckter,0.0,22
1973,331,Luiz Bueno,0.0,22
1973,330,Nanni Galli,0.0,22
1973,305,Mike Hailwood,0.0,22
1973,197,Jean-Pierre Jarier,0.0,22
1973,329,Mike Beuttler,0.0,22
1974,224,Emerson Fittipaldi,55.0,1
1974,223,Clay Regazzoni,52.0,2
1974,222,Jody Scheckter,45.0,3
1974,182,Niki Lauda,38.0,4
1974,238,Ronnie Peterson,35.0,5
1974,199,Carlos Reutemann,32.0,6
1974,304,Denny Hulme,20.0,7
1974,231,James Hunt,15.0,8
1974,221,Patrick Depailler,14.0,9
1974,235,Jacky Ickx,12.0,10
1974,305,Mike Hailwood,12.0,10
1974,250,Carlos Pace,11.0,12
1974,306,Jean-Pierre Beltoise,10.0,13
1974,197,Jean-Pierre Jarier,6.0,14
1974,187,John Watson,6.0,14
1974,233,Hans-Joachim Stuck,5.0,16
1974,232,Arturo Merzario,4.0,17
1974,252,Tom Pryce,1.0,18
1974,230,Vittorio Brambilla,1.0,18
1974,289,Graham Hill,1.0,18
1974,326,Eppie Wietzes,0.0,21
1974,288,Mark Donohue,0.0,21
1974,207,Mario Andretti,0.0,21
1974,325,Carlo Facetti,0.0,21
1974,324,Helmuth Koinigg,0.0,21
1974,243,Rolf Stommelen,0.0,21
1974,323,Dieter Quester,0.0,21
1974,322,David Hobbs,0.0,21
1974,256,Larry Perkins,0.0,21
1974,172,Jacques Laffite,0.0,21
1974,270,Ian Ashley,0.0,21
1974,283,Mike Wilds,0.0,21
1974,300,John Nicholson,0.0,21
1974,275,Lella Lombardi,0.0,21
1974,321,Derek Bell,0.0,21
1974,259,David Purley,0.0,21
1974,320,Peter Gethin,0.0,21
1974,319,José Dolhem,0.0,21
1974,219,Jean-Pierre Jabouille,0.0,21
1974,318,Bertil Roos,0.0,21
1974,317,Reine Wisell,0.0,21
1974,316,Leo Kinnunen,0.0,21
1974,315,Gérard Larrousse,0.0,21
1974,269,Teddy Pilette,0.0,21
1974,267,Vern Schuppan,0.0,21
1974,298,Gijs van Lennep,0.0,21
1974,313,Rikky von Opel,0.0,21
1974,278,Chris Amon,0.0,21
1974,314,Tim Schenken,0.0,21
1974,312,Brian Redman,0.0,21
1974,311,Tom Belsø,0.0,21
1974,310,Paddy Driver,0.0,21
1974,293,Dave Charlton,0.0,21
1974,292,Eddie Keizan,0.0,21
1974,251,Ian Scheckter,0.0,21
1974,309,Peter Revson,0.0,21
1974,200,Jochen Mass,0.0,21
1974,296,François Migault,0.0,21
1974,308,Richard Robarts,0.0,21
1974,265,Guy Edwards,0.0,21
1974,280,Henri Pescarolo,0.0,21
1974,307,Howden Ganley,0.0,21
1975,182,Niki Lauda,64.5,1
1975,224,Emerson Fittipaldi,45.0,2
1975,199,Carlos Reutemann,37.0,3
1975,231,James Hunt,33.0,4
1975,223,Clay Regazzoni,25.0,5
1975,250,Carlos Pace,24.0,6
1975,200,Jochen Mass,20.0,7
1975,222,Jody Scheckter,20.0,7
1975,221,Patrick Depailler,12.0,9
1975,252,Tom Pryce,8.0,10
1975,230,Vittorio Brambilla,6.5,11
1975,172,Jacques Laffite,6.0,12
1975,238,Ronnie Peterson,6.0,12
1975,207,Mario Andretti,5.0,14
1975,288,Mark Donohue,4.0,15
1975,235,Jacky Ickx,3.0,16
1975,178,Alan Jones,2.0,17
1975,197,Jean-Pierre Jarier,1.5,18
1975,298,Gijs van Lennep,1.0,19
1975,294,Tony Brise,1.0,19
1975,275,Lella Lombardi,0.5,21
1975,277,Michel Leclère,0.0,22
1975,254,Renzo Zorzi,0.0,22
1975,303,Jo Vonlanthen,0.0,22
1975,239,Brett Lunger,0.0,22
1975,278,Chris Amon,0.0,22
1975,245,Tony Trimmer,0.0,22
1975,270,Ian Ashley,0.0,22
1975,229,Harald Ertl,0.0,22
1975,302,Jim Crawford,0.0,22
1975,233,Hans-Joachim Stuck,0.0,22
1975,301,Dave Morgan,0.0,22
1975,300,John Nicholson,0.0,22
1975,205,Brian Henton,0.0,22
1975,219,Jean-Pierre Jabouille,0.0,22
1975,299,Hiroshi Fushida,0.0,22
1975,267,Vern Schuppan,0.0,22
1975,282,Damien Magee,0.0,22
1975,297,Torsten Palm,0.0,22
1975,296,François Migault,0.0,22
1975,295,Roelof Wunderink,0.0,22
1975,251,Ian Scheckter,0.0,22
1975,276,Bob Evans,0.0,22
1975,293,Dave Charlton,0.0,22
1975,292,Eddie Keizan,0.0,22
1975,291,Guy Tunmer,0.0,22
1975,187,John Watson,0.0,22
1975,290,Wilson Fittipaldi,0.0,22
1975,283,Mike Wilds,0.0,22
1975,232,Arturo Merzario,0.0,22
1975,243,Rolf Stommelen,0.0,22
1975,289,Graham Hill,0.0,22
1976,231,James Hunt,69.0,1
1976,182,Niki Lauda,68.0,2
1976,222,Jody Scheckter,49.0,3
1976,221,Patrick Depailler,39.0,4
1976,223,Clay Regazzoni,31.0,5
1976,207,Mario Andretti,22.0,6
1976,187,John Watson,20.0,7
1976,172,Jacques Laffite,20.0,7
1976,200,Jochen Mass,19.0,9
1976,255,Gunnar Nilsson,11.0,10
1976,238,Ronnie Peterson,10.0,11
1976,252,Tom Pryce,10.0,11
1976,233,Hans-Joachim Stuck,8.0,13
1976,178,Alan Jones,7.0,14
1976,250,Carlos Pace,7.0,14
1976,224,Emerson Fittipaldi,3.0,16
1976,199,Carlos Reutemann,3.0,16
1976,278,Chris Amon,2.0,18
1976,243,Rolf Stommelen,1.0,19
1976,230,Vittorio Brambilla,1.0,19
1976,245,Tony Trimmer,0.0,21
1976,273,Kazuyoshi Hoshino,0.0,21
1976,287,Masahiro Hasemi,0.0,21
1976,274,Noritake Takahara,0.0,21
1976,286,Warwick Brown,0.0,21
1976,237,Alex Ribeiro,0.0,21
1976,285,Otto Stuppacher,0.0,21
1976,260,Conny Andersson,0.0,21
1976,257,Boy Lunger,0.0,21
1976,246,Hans Binder,0.0,21
1976,284,Alessandro Pesenti-Rossi,0.0,21
1976,283,Mike Wilds,0.0,21
1976,242,Divina Galica,0.0,21
1976,282,Damien Magee,0.0,21
1976,281,Jac Nelleman,0.0,21
1976,280,Henri Pescarolo,0.0,21
1976,265,Guy Edwards,0.0,21
1976,258,Patrick Nève,0.0,21
1976,208,Emilio de Villota,0.0,21
1976,279,Emilio Zapico,0.0,21
1976,271,Loris Kessel,0.0,21
1976,256,Larry Perkins,0.0,21
1976,232,Arturo Merzario,0.0,21
1976,251,Ian Scheckter,0.0,21
1976,229,Harald Ertl,0.0,21
1976,277,Michel Leclère,0.0,21
1976,239,Brett Lunger,0.0,21
1976,276,Bob Evans,0.0,21
1976,270,Ian Ashley,0.0,21
1976,197,Jean-Pierre Jarier,0.0,21
1976,275,Lella Lombardi,0.0,21
1976,253,Ingo Hoffmann,0.0,21
1976,254,Renzo Zorzi,0.0,21
1976,235,Jacky Ickx,0.0,21
1977,182,Niki Lauda,72.0,1
1977,222,Jody Scheckter,55.0,2
1977,207,Mario Andretti,47.0,3
1977,199,Carlos Reutemann,42.0,4
1977,231,James Hunt,40.0,5
1977,200,Jochen Mass,25.0,6
1977,178,Alan Jones,22.0,7
1977,255,Gunnar Nilsson,20.0,8
1977,221,Patrick Depailler,20.0,8
1977,172,Jacques Laffite,18.0,10
1977,233,Hans-Joachim Stuck,12.0,11
1977,224,Emerson Fittipaldi,11.0,12
1977,187,John Watson,9.0,13
1977,238,Ronnie Peterson,7.0,14
1977,230,Vittorio Brambilla,6.0,15
1977,250,Carlos Pace,6.0,15
1977,175,Patrick Tambay,5.0,17
1977,223,Clay Regazzoni,5.0,17
1977,119,Riccardo Patrese,1.0,19
1977,197,Jean-Pierre Jarier,1.0,19
1977,254,Renzo Zorzi,1.0,19
1977,274,Noritake Takahara,0.0,22
1977,273,Kazuyoshi Hoshino,0.0,22
1977,272,Kunimitsu Takahashi,0.0,22
1977,240,Danny Ongais,0.0,22
1977,220,Giorgio Francia,0.0,22
1977,271,Loris Kessel,0.0,22
1977,241,Lamberto Leoni,0.0,22
1977,152,Bruno Giacomelli,0.0,22
1977,247,Michael Bleekemolen,0.0,22
1977,270,Ian Ashley,0.0,22
1977,269,Teddy Pilette,0.0,22
1977,268,Hans Heyer,0.0,22
1977,266,Brian McGuire,0.0,22
1977,245,Tony Trimmer,0.0,22
1977,265,Guy Edwards,0.0,22
1977,264,Andy Sutcliffe,0.0,22
1977,219,Jean-Pierre Jabouille,0.0,22
1977,267,Vern Schuppan,0.0,22
1977,203,Gilles Villeneuve,0.0,22
1977,263,Mikko Kozarowitzky,0.0,22
1977,262,Jackie Oliver,0.0,22
1977,212,Hector Rebaque,0.0,22
1977,261,Bernard de Dryver,0.0,22
1977,235,Jacky Ickx,0.0,22
1977,260,Conny Andersson,0.0,22
1977,259,David Purley,0.0,22
1977,232,Arturo Merzario,0.0,22
1977,229,Harald Ertl,0.0,22
1977,211,Rupert Keegan,0.0,22
1977,208,Emilio de Villota,0.0,22
1977,258,Patrick Nève,0.0,22
1977,205,Brian Henton,0.0,22
1977,257,Boy Lunger,0.0,22
1977,239,Brett Lunger,0.0,22
1977,256,Larry Perkins,0.0,22
1977,246,Hans Binder,0.0,22
1977,253,Ingo Hoffmann,0.0,22
1977,237,Alex Ribeiro,0.0,22
1977,252,Tom Pryce,0.0,22
1977,251,Ian Scheckter,0.0,22
1978,207,Mario Andretti,64.0,1
1978,238,Ronnie Peterson,51.0,2
1978,199,Carlos Reutemann,48.0,3
1978,182,Niki Lauda,44.0,4
1978,221,Patrick Depailler,34.0,5
1978,187,John Watson,25.0,6
1978,222,Jody Scheckter,24.0,7
1978,172,Jacques Laffite,19.0,8
1978,224,Emerson Fittipaldi,17.0,9
1978,203,Gilles Villeneuve,17.0,9
1978,119,Riccardo Patrese,11.0,11
1978,178,Alan Jones,11.0,11
1978,175,Patrick Tambay,8.0,13
1978,231,James Hunt,8.0,13
1978,202,Didier Pironi,7.0,15
1978,223,Clay Regazzoni,4.0,16
1978,219,Jean-Pierre Jabouille,3.0,17
1978,233,Hans-Joachim Stuck,2.0,18
1978,206,Derek Daly,1.0,19
1978,212,Hector Rebaque,1.0,19
1978,230,Vittorio Brambilla,1.0,19
1978,213,Beppe Gabbiani,0.0,22
1978,249,Bobby Rahal,0.0,22
1978,248,Carlo Franchi,0.0,22
1978,247,Michael Bleekemolen,0.0,22
1978,246,Hans Binder,0.0,22
1978,137,Nelson Piquet,0.0,22
1978,229,Harald Ertl,0.0,22
1978,245,Tony Trimmer,0.0,22
1978,209,Geoff Lees,0.0,22
1978,208,Emilio de Villota,0.0,22
1978,244,Alberto Colombo,0.0,22
1978,152,Bruno Giacomelli,0.0,22
1978,235,Jacky Ickx,0.0,22
1978,163,René Arnoux,0.0,22
1978,177,Keke Rosberg,0.0,22
1978,243,Rolf Stommelen,0.0,22
1978,242,Divina Galica,0.0,22
1978,158,Eddie Cheever,0.0,22
1978,211,Rupert Keegan,0.0,22
1978,232,Arturo Merzario,0.0,22
1978,241,Lamberto Leoni,0.0,22
1978,240,Danny Ongais,0.0,22
1978,239,Brett Lunger,0.0,22
1978,197,Jean-Pierre Jarier,0.0,22
1978,200,Jochen Mass,0.0,22
1979,222,Jody Scheckter,51.0,1
1979,203,Gilles Villeneuve,47.0,2
1979,178,Alan Jones,40.0,3
1979,172,Jacques Laffite,36.0,4
1979,223,Clay Regazzoni,29.0,5
1979,221,Patrick Depailler,20.0,6
1979,199,Carlos Reutemann,20.0,6
1979,163,René Arnoux,17.0,8
1979,187,John Watson,15.0,9
1979,202,Didier Pironi,14.0,10
1979,197,Jean-Pierre Jarier,14.0,10
1979,207,Mario Andretti,14.0,10
1979,219,Jean-Pierre Jabouille,9.0,13
1979,182,Niki Lauda,4.0,14
1979,235,Jacky Ickx,3.0,15
1979,137,Nelson Piquet,3.0,15
1979,200,Jochen Mass,3.0,15
1979,173,Elio de Angelis,3.0,15
1979,233,Hans-Joachim Stuck,2.0,19
1979,119,Riccardo Patrese,2.0,19
1979,224,Emerson Fittipaldi,1.0,21
1979,237,Alex Ribeiro,0.0,22
1979,217,Ricardo Zunino,0.0,22
1979,176,Marc Surer,0.0,22
1979,230,Vittorio Brambilla,0.0,22
1979,209,Geoff Lees,0.0,22
1979,236,Patrick Gaillard,0.0,22
1979,177,Keke Rosberg,0.0,22
1979,152,Bruno Giacomelli,0.0,22
1979,234,Gianfranco Brancatelli,0.0,22
1979,232,Arturo Merzario,0.0,22
1979,175,Patrick Tambay,0.0,22
1979,231,James Hunt,0.0,22
1979,136,Jan Lammers,0.0,22
1979,212,Hector Rebaque,0.0,22
1979,206,Derek Daly,0.0,22
1980,178,Alan Jones,67.0,1
1980,137,Nelson Piquet,54.0,2
1980,199,Carlos Reutemann,42.0,3
1980,172,Jacques Laffite,34.0,4
1980,202,Didier Pironi,32.0,5
1980,163,René Arnoux,29.0,6
1980,173,Elio de Angelis,13.0,7
1980,219,Jean-Pierre Jabouille,9.0,8
1980,119,Riccardo Patrese,7.0,9
1980,197,Jean-Pierre Jarier,6.0,10
1980,187,John Watson,6.0,10
1980,203,Gilles Villeneuve,6.0,10
1980,206,Derek Daly,6.0,10
1980,177,Keke Rosberg,6.0,10
1980,224,Emerson Fittipaldi,5.0,15
1980,117,Alain Prost,5.0,15
1980,200,Jochen Mass,4.0,17
1980,152,Bruno Giacomelli,4.0,17
1980,222,Jody Scheckter,2.0,19
1980,212,Hector Rebaque,1.0,20
1980,207,Mario Andretti,1.0,20
1980,214,Kevin Cogan,0.0,22
1980,110,Andrea de Cesaris,0.0,22
1980,181,Manfred Winkelhock,0.0,22
1980,191,Mike Thackwell,0.0,22
1980,230,Vittorio Brambilla,0.0,22
1980,95,Nigel Mansell,0.0,22
1980,229,Harald Ertl,0.0,22
1980,228,Desiré Wilson,0.0,22
1980,211,Rupert Keegan,0.0,22
1980,227,Tiff Needell,0.0,22
1980,226,Stephen South,0.0,22
1980,209,Geoff Lees,0.0,22
1980,158,Eddie Cheever,0.0,22
1980,136,Jan Lammers,0.0,22
1980,140,Stefan Johansson,0.0,22
1980,225,Dave Kennedy,0.0,22
1980,176,Marc Surer,0.0,22
1980,223,Clay Regazzoni,0.0,22
1980,221,Patrick Depailler,0.0,22
1980,217,Ricardo Zunino,0.0,22
1981,137,Nelson Piquet,50.0,1
1981,199,Carlos Reutemann,49.0,2
1981,178,Alan Jones,46.0,3
1981,172,Jacques Laffite,44.0,4
1981,117,Alain Prost,43.0,5
1981,187,John Watson,27.0,6
1981,203,Gilles Villeneuve,25.0,7
1981,173,Elio de Angelis,14.0,8
1981,163,René Arnoux,11.0,9
1981,212,Hector Rebaque,11.0,9
1981,158,Eddie Cheever,10.0,11
1981,119,Riccardo Patrese,10.0,11
1981,202,Didier Pironi,9.0,13
1981,95,Nigel Mansell,8.0,14
1981,152,Bruno Giacomelli,7.0,15
1981,176,Marc Surer,4.0,16
1981,207,Mario Andretti,3.0,17
1981,175,Patrick Tambay,1.0,18
1981,110,Andrea de Cesaris,1.0,18
1981,194,Eliseo Salazar,1.0,18
1981,201,Slim Borgudd,1.0,18
1981,192,Chico Serra,0.0,22
1981,197,Jean-Pierre Jarier,0.0,22
1981,177,Keke Rosberg,0.0,22
1981,136,Jan Lammers,0.0,22
1981,213,Beppe Gabbiani,0.0,22
1981,214,Kevin Cogan,0.0,22
1981,206,Derek Daly,0.0,22
1981,215,Miguel Ángel Guerra,0.0,22
1981,216,Siegfried Stohr,0.0,22
1981,217,Ricardo Zunino,0.0,22
1981,218,Ricardo Londoño,0.0,22
1981,219,Jean-Pierre Jabouille,0.0,22
1981,105,Michele Alboreto,0.0,22
1981,118,Derek Warwick,0.0,22
1981,205,Brian Henton,0.0,22
1981,160,Piercarlo Ghinzani,0.0,22
1981,220,Giorgio Francia,0.0,22
1981,198,Jacques Villeneuve Sr.,0.0,22
1982,177,Keke Rosberg,44.0,1
1982,202,Didier Pironi,39.0,2
1982,187,John Watson,39.0,2
1982,117,Alain Prost,34.0,4
1982,182,Niki Lauda,30.0,5
1982,163,René Arnoux,28.0,6
1982,175,Patrick Tambay,25.0,7
1982,105,Michele Alboreto,25.0,7
1982,173,Elio de Angelis,23.0,9
1982,119,Riccardo Patrese,21.0,10
1982,137,Nelson Piquet,20.0,11
1982,158,Eddie Cheever,15.0,12
1982,206,Derek Daly,8.0,13
1982,95,Nigel Mansell,7.0,14
1982,203,Gilles Villeneuve,6.0,15
1982,199,Carlos Reutemann,6.0,15
1982,172,Jacques Laffite,5.0,17
1982,110,Andrea de Cesaris,5.0,17
1982,207,Mario Andretti,4.0,19
1982,176,Marc Surer,3.0,20
1982,197,Jean-Pierre Jarier,3.0,20
1982,184,Mauro Baldi,2.0,22
1982,152,Bruno Giacomelli,2.0,22
1982,181,Manfred Winkelhock,2.0,22
1982,194,Eliseo Salazar,2.0,22
1982,192,Chico Serra,1.0,26
1982,210,Tommy Byrne,0.0,27
1982,136,Jan Lammers,0.0,27
1982,211,Rupert Keegan,0.0,27
1982,90,Roberto Moreno,0.0,27
1982,209,Geoff Lees,0.0,27
1982,208,Emilio de Villota,0.0,27
1982,170,Teo Fabi,0.0,27
1982,195,Roberto Guerrero,0.0,27
1982,205,Brian Henton,0.0,27
1982,204,Riccardo Paletti,0.0,27
1982,118,Derek Warwick,0.0,27
1982,201,Slim Borgudd,0.0,27
1982,196,Raul Boesel,0.0,27
1982,200,Jochen Mass,0.0,27
1983,137,Nelson Piquet,59.0,1
1983,117,Alain Prost,57.0,2
1983,163,René Arnoux,49.0,3
1983,175,Patrick Tambay,40.0,4
1983,177,Keke Rosberg,27.0,5
1983,158,Eddie Cheever,22.0,6
1983,187,John Watson,22.0,6
1983,110,Andrea de Cesaris,15.0,8
1983,119,Riccardo Patrese,13.0,9
1983,182,Niki Lauda,12.0,10
1983,172,Jacques Laffite,11.0,11
1983,95,Nigel Mansell,10.0,12
1983,105,Michele Alboreto,10.0,12
1983,118,Derek Warwick,9.0,14
1983,176,Marc Surer,4.0,15
1983,184,Mauro Baldi,3.0,16
1983,193,Danny Sullivan,2.0,17
1983,173,Elio de Angelis,2.0,17
1983,188,Johnny Cecotto,1.0,19
1983,152,Bruno Giacomelli,1.0,19
1983,192,Chico Serra,0.0,21
1983,194,Eliseo Salazar,0.0,21
1983,181,Manfred Winkelhock,0.0,21
1983,195,Roberto Guerrero,0.0,21
1983,196,Raul Boesel,0.0,21
1983,197,Jean-Pierre Jarier,0.0,21
1983,190,Corrado Fabi,0.0,21
1983,160,Piercarlo Ghinzani,0.0,21
1983,178,Alan Jones,0.0,21
1983,168,Jean-Louis Schlesser,0.0,21
1983,123,Thierry Boutsen,0.0,21
1983,198,Jacques Villeneuve Sr.,0.0,21
1983,140,Stefan Johansson,0.0,21
1983,186,Kenny Acheson,0.0,21
1983,156,Jonathan Palmer,0.0,21
1984,182,Niki Lauda,72.0,1
1984,117,Alain Prost,71.5,2
1984,173,Elio de Angelis,34.0,3
1984,105,Michele Alboreto,30.5,4
1984,137,Nelson Piquet,29.0,5
1984,163,René Arnoux,27.0,6
1984,118,Derek Warwick,23.0,7
1984,177,Keke Rosberg,20.5,8
1984,95,Nigel Mansell,13.0,9
1984,102,Ayrton Senna,13.0,9
1984,175,Patrick Tambay,11.0,11
1984,170,Teo Fabi,9.0,12
1984,119,Riccardo Patrese,8.0,13
1984,123,Thierry Boutsen,5.0,14
1984,172,Jacques Laffite,5.0,14
1984,158,Eddie Cheever,3.0,16
1984,110,Andrea de Cesaris,3.0,16
1984,140,Stefan Johansson,3.0,16
1984,160,Piercarlo Ghinzani,2.0,19
1984,176,Marc Surer,1.0,20
1984,156,Jonathan Palmer,0.0,21
1984,183,François Hesnault,0.0,21
1984,112,Philippe Alliot,0.0,21
1984,188,Johnny Cecotto,0.0,21
1984,184,Mauro Baldi,0.0,21
1984,84,Martin Brundle,0.0,21
1984,185,Stefan Bellof,0.0,21
1984,181,Manfred Winkelhock,0.0,21
1984,189,Jo Gartner,0.0,21
1984,190,Corrado Fabi,0.0,21
1984,179,Huub Rothengatter,0.0,21
1984,191,Mike Thackwell,0.0,21
1984,77,Gerhard Berger,0.0,21
1984,94,Pierluigi Martini,0.0,21
1984,166,Philippe Streiff,0.0,21
1985,117,Alain Prost,73.0,1
1985,105,Michele Alboreto,53.0,2
1985,177,Keke Rosberg,40.0,3
1985,102,Ayrton Senna,38.0,4
1985,173,Elio de Angelis,33.0,5
1985,95,Nigel Mansell,31.0,6
1985,140,Stefan Johansson,26.0,7
1985,137,Nelson Piquet,21.0,8
1985,172,Jacques Laffite,16.0,9
1985,182,Niki Lauda,14.0,10
1985,175,Patrick Tambay,11.0,11
1985,123,Thierry Boutsen,11.0,11
1985,118,Derek Warwick,5.0,13
1985,176,Marc Surer,5.0,13
1985,185,Stefan Bellof,4.0,15
1985,166,Philippe Streiff,4.0,15
1985,163,René Arnoux,3.0,17
1985,77,Gerhard Berger,3.0,17
1985,110,Andrea de Cesaris,3.0,17
1985,122,Ivan Capelli,3.0,17
1985,84,Martin Brundle,0.0,21
1985,112,Philippe Alliot,0.0,21
1985,160,Piercarlo Ghinzani,0.0,21
1985,181,Manfred Winkelhock,0.0,21
1985,158,Eddie Cheever,0.0,21
1985,94,Pierluigi Martini,0.0,21
1985,119,Riccardo Patrese,0.0,21
1985,183,François Hesnault,0.0,21
1985,184,Mauro Baldi,0.0,21
1985,156,Jonathan Palmer,0.0,21
1985,170,Teo Fabi,0.0,21
1985,179,Huub Rothengatter,0.0,21
1985,186,Kenny Acheson,0.0,21
1985,178,Alan Jones,0.0,21
1985,157,Christian Danner,0.0,21
1985,187,John Watson,0.0,21
1986,117,Alain Prost,72.0,1
1986,95,Nigel Mansell,70.0,2
1986,137,Nelson Piquet,69.0,3
1986,102,Ayrton Senna,55.0,4
1986,140,Stefan Johansson,23.0,5
1986,177,Keke Rosberg,22.0,6
1986,77,Gerhard Berger,17.0,7
1986,172,Jacques Laffite,14.0,8
1986,163,René Arnoux,14.0,8
1986,105,Michele Alboreto,14.0,8
1986,84,Martin Brundle,8.0,11
1986,178,Alan Jones,4.0,12
1986,166,Philippe Streiff,3.0,13
1986,174,Johnny Dumfries,3.0,13
1986,170,Teo Fabi,2.0,15
1986,175,Patrick Tambay,2.0,15
1986,119,Riccardo Patrese,2.0,15
1986,157,Christian Danner,1.0,18
1986,112,Philippe Alliot,1.0,18
1986,173,Elio de Angelis,0.0,20
1986,123,Thierry Boutsen,0.0,20
1986,156,Jonathan Palmer,0.0,20
1986,176,Marc Surer,0.0,20
1986,145,Alessandro Nannini,0.0,20
1986,110,Andrea de Cesaris,0.0,20
1986,160,Piercarlo Ghinzani,0.0,20
1986,179,Huub Rothengatter,0.0,20
1986,118,Derek Warwick,0.0,20
1986,158,Eddie Cheever,0.0,20
1986,180,Allen Berg,0.0,20
1986,133,Alex Caffi,0.0,20
1986,122,Ivan Capelli,0.0,20
1987,137,Nelson Piquet,73.0,1
1987,95,Nigel Mansell,61.0,2
1987,102,Ayrton Senna,57.0,3
1987,117,Alain Prost,46.0,4
1987,77,Gerhard Berger,36.0,5
1987,140,Stefan Johansson,30.0,6
1987,105,Michele Alboreto,17.0,7
1987,123,Thierry Boutsen,16.0,8
1987,170,Teo Fabi,12.0,9
1987,158,Eddie Cheever,8.0,10
1987,138,Satoru Nakajima,7.0,11
1987,156,Jonathan Palmer,7.0,11
1987,119,Riccardo Patrese,6.0,13
1987,166,Philippe Streiff,4.0,14
1987,110,Andrea de Cesaris,4.0,14
1987,118,Derek Warwick,3.0,16
1987,112,Philippe Alliot,3.0,16
1987,84,Martin Brundle,2.0,18
1987,122,Ivan Capelli,1.0,19
1987,163,René Arnoux,1.0,19
1987,90,Roberto Moreno,1.0,19
1987,157,Christian Danner,0.0,22
1987,169,Pascal Fabre,0.0,22
1987,133,Alex Caffi,0.0,22
1987,145,Alessandro Nannini,0.0,22
1987,167,Adrián Campos,0.0,22
1987,99,Gabriele Tarquini,0.0,22
1987,160,Piercarlo Ghinzani,0.0,22
1987,171,Franco Forini,0.0,22
1987,78,Nicola Larini,0.0,22
1987,114,Yannick Dalmas,0.0,22
1987,131,Stefano Modena,0.0,22
1988,102,Ayrton Senna,90.0,1
1988,117,Alain Prost,87.0,2
1988,77,Gerhard Berger,41.0,3
1988,123,Thierry Boutsen,27.0,4
1988,105,Michele Alboreto,24.0,5
1988,137,Nelson Piquet,22.0,6
1988,118,Derek Warwick,17.0,7
1988,122,Ivan Capelli,17.0,7
1988,95,Nigel Mansell,12.0,9
1988,145,Alessandro Nannini,12.0,9
1988,119,Riccardo Patrese,8.0,11
1988,158,Eddie Cheever,6.0,12
1988,156,Jonathan Palmer,5.0,13
1988,127,Maurício Gugelmin,5.0,13
1988,110,Andrea de Cesaris,3.0,15
1988,138,Satoru Nakajima,1.0,16
1988,94,Pierluigi Martini,1.0,16
1988,140,Stefan Johansson,0.0,18
1988,159,Luis Pérez-Sala,0.0,18
1988,112,Philippe Alliot,0.0,18
1988,99,Gabriele Tarquini,0.0,18
1988,166,Philippe Streiff,0.0,18
1988,114,Yannick Dalmas,0.0,18
1988,163,René Arnoux,0.0,18
1988,131,Stefano Modena,0.0,18
1988,167,Adrián Campos,0.0,18
1988,165,Oscar Larrauri,0.0,18
1988,141,Julian Bailey,0.0,18
1988,160,Piercarlo Ghinzani,0.0,18
1988,78,Nicola Larini,0.0,18
1988,146,Bernd Schneider,0.0,18
1988,133,Alex Caffi,0.0,18
1988,84,Martin Brundle,0.0,18
1988,168,Jean-Louis Schlesser,0.0,18
1988,88,Aguri Suzuki,0.0,18
1988,162,Pierre-Henri Raphanel,0.0,18
1989,117,Alain Prost,76.0,1
1989,102,Ayrton Senna,60.0,2
1989,119,Riccardo Patrese,40.0,3
1989,95,Nigel Mansell,38.0,4
1989,123,Thierry Boutsen,37.0,5
1989,145,Alessandro Nannini,32.0,6
1989,77,Gerhard Berger,21.0,7
1989,137,Nelson Piquet,12.0,8
1989,55,Jean Alesi,8.0,9
1989,118,Derek Warwick,7.0,10
1989,105,Michele Alboreto,6.0,11
1989,158,Eddie Cheever,6.0,11
1989,140,Stefan Johansson,6.0,11
1989,65,Johnny Herbert,5.0,14
1989,94,Pierluigi Martini,5.0,14
1989,127,Maurício Gugelmin,4.0,16
1989,110,Andrea de Cesaris,4.0,16
1989,84,Martin Brundle,4.0,16
1989,131,Stefano Modena,4.0,16
1989,133,Alex Caffi,4.0,16
1989,138,Satoru Nakajima,3.0,21
1989,157,Christian Danner,3.0,21
1989,156,Jonathan Palmer,2.0,23
1989,163,René Arnoux,2.0,23
1989,139,Emanuele Pirro,2.0,23
1989,129,Olivier Grouillard,1.0,26
1989,112,Philippe Alliot,1.0,26
1989,159,Luis Pérez-Sala,1.0,26
1989,99,Gabriele Tarquini,1.0,26
1989,146,Bernd Schneider,0.0,30
1989,122,Ivan Capelli,0.0,30
1989,114,Yannick Dalmas,0.0,30
1989,148,Gregor Foitek,0.0,30
1989,90,Roberto Moreno,0.0,30
1989,160,Piercarlo Ghinzani,0.0,30
1989,161,Volker Weidler,0.0,30
1989,162,Pierre-Henri Raphanel,0.0,30
1989,164,Joachim Winkelhock,0.0,30
1989,88,Aguri Suzuki,0.0,30
1989,92,Bertrand Gachot,0.0,30
1989,78,Nicola Larini,0.0,30
1989,103,Éric Bernard,0.0,30
1989,151,Martin Donnelly,0.0,30
1989,134,Enrico Bertaggia,0.0,30
1989,165,Oscar Larrauri,0.0,30
1989,109,Jyrki Järvilehto,0.0,30
1989,147,Paolo Barilla,0.0,30
1990,102,Ayrton Senna,78.0,1
1990,117,Alain Prost,71.0,2
1990,77,Gerhard Berger,43.0,3
1990,137,Nelson Piquet,43.0,3
1990,95,Nigel Mansell,37.0,5
1990,123,Thierry Boutsen,34.0,6
1990,119,Riccardo Patrese,23.0,7
1990,145,Alessandro Nannini,21.0,8
1990,55,Jean Alesi,13.0,9
1990,88,Aguri Suzuki,6.0,10
1990,122,Ivan Capelli,6.0,10
1990,90,Roberto Moreno,6.0,10
1990,103,Éric Bernard,5.0,13
1990,118,Derek Warwick,3.0,14
1990,138,Satoru Nakajima,3.0,14
1990,133,Alex Caffi,2.0,16
1990,131,Stefano Modena,2.0,16
1990,127,Maurício Gugelmin,1.0,18
1990,65,Johnny Herbert,0.0,19
1990,152,Bruno Giacomelli,0.0,19
1990,148,Gregor Foitek,0.0,19
1990,129,Olivier Grouillard,0.0,19
1990,110,Andrea de Cesaris,0.0,19
1990,101,David Brabham,0.0,19
1990,139,Emanuele Pirro,0.0,19
1990,112,Philippe Alliot,0.0,19
1990,92,Bertrand Gachot,0.0,19
1990,150,Gary Brabham,0.0,19
1990,149,Claudio Langes,0.0,19
1990,114,Yannick Dalmas,0.0,19
1990,99,Gabriele Tarquini,0.0,19
1990,109,Jyrki Järvilehto,0.0,19
1990,81,Gianni Morbidelli,0.0,19
1990,140,Stefan Johansson,0.0,19
1990,151,Martin Donnelly,0.0,19
1990,78,Nicola Larini,0.0,19
1990,147,Paolo Barilla,0.0,19
1990,146,Bernd Schneider,0.0,19
1990,105,Michele Alboreto,0.0,19
1990,94,Pierluigi Martini,0.0,19
1991,102,Ayrton Senna,96.0,1
1991,95,Nigel Mansell,72.0,2
1991,119,Riccardo Patrese,53.0,3
1991,77,Gerhard Berger,43.0,4
1991,117,Alain Prost,34.0,5
1991,137,Nelson Piquet,26.5,6
1991,55,Jean Alesi,21.0,7
1991,131,Stefano Modena,10.0,8
1991,110,Andrea de Cesaris,9.0,9
1991,90,Roberto Moreno,8.0,10
1991,94,Pierluigi Martini,6.0,11
1991,30,Michael Schumacher,4.0,12
1991,109,Jyrki Järvilehto,4.0,12
1991,92,Bertrand Gachot,4.0,12
1991,57,Mika Häkkinen,2.0,15
1991,84,Martin Brundle,2.0,15
1991,138,Satoru Nakajima,2.0,15
1991,141,Julian Bailey,1.0,18
1991,103,Éric Bernard,1.0,18
1991,139,Emanuele Pirro,1.0,18
1991,87,Mark Blundell,1.0,18
1991,122,Ivan Capelli,1.0,18
1991,88,Aguri Suzuki,1.0,18
1991,81,Gianni Morbidelli,0.5,24
1991,144,Naoki Hattori,0.0,25
1991,91,Karl Wendlinger,0.0,25
1991,70,Alessandro Zanardi,0.0,25
1991,143,Michael Bartels,0.0,25
1991,65,Johnny Herbert,0.0,25
1991,120,Fabrizio Barbazza,0.0,25
1991,128,Eric van de Poele,0.0,25
1991,129,Olivier Grouillard,0.0,25
1991,142,Pedro Chaves,0.0,25
1991,100,Érik Comas,0.0,25
1991,140,Stefan Johansson,0.0,25
1991,133,Alex Caffi,0.0,25
1991,127,Maurício Gugelmin,0.0,25
1991,123,Thierry Boutsen,0.0,25
1991,105,Michele Alboreto,0.0,25
1991,99,Gabriele Tarquini,0.0,25
1991,78,Nicola Larini,0.0,25
1992,95,Nigel Mansell,108.0,1
1992,119,Riccardo Patrese,56.0,2
1992,30,Michael Schumacher,53.0,3
1992,102,Ayrton Senna,50.0,4
1992,77,Gerhard Berger,49.0,5
1992,84,Martin Brundle,38.0,6
1992,55,Jean Alesi,18.0,7
1992,57,Mika Häkkinen,11.0,8
1992,110,Andrea de Cesaris,8.0,9
1992,105,Michele Alboreto,6.0,10
1992,100,Érik Comas,4.0,11
1992,122,Ivan Capelli,3.0,12
1992,91,Karl Wendlinger,3.0,12
1992,65,Johnny Herbert,2.0,14
1992,123,Thierry Boutsen,2.0,14
1992,94,Pierluigi Martini,2.0,14
1992,92,Bertrand Gachot,1.0,17
1992,104,Christian Fittipaldi,1.0,17
1992,131,Stefano Modena,1.0,17
1992,88,Aguri Suzuki,0.0,20
1992,127,Maurício Gugelmin,0.0,20
1992,79,Ukyo Katayama,0.0,20
1992,128,Eric van de Poele,0.0,20
1992,109,Jyrki Järvilehto,0.0,20
1992,81,Gianni Morbidelli,0.0,20
1992,108,Paul Belmondo,0.0,20
1992,129,Olivier Grouillard,0.0,20
1992,99,Gabriele Tarquini,0.0,20
1992,71,Damon Hill,0.0,20
1992,125,Emanuele Naspetti,0.0,20
1992,78,Nicola Larini,0.0,20
1992,136,Jan Lammers,0.0,20
1993,117,Alain Prost,99.0,1
1993,102,Ayrton Senna,73.0,2
1993,71,Damon Hill,69.0,3
1993,30,Michael Schumacher,52.0,4
1993,119,Riccardo Patrese,20.0,5
1993,55,Jean Alesi,16.0,6
1993,84,Martin Brundle,13.0,7
1993,77,Gerhard Berger,12.0,8
1993,65,Johnny Herbert,11.0,9
1993,87,Mark Blundell,10.0,10
1993,91,Karl Wendlinger,7.0,11
1993,121,Michael Andretti,7.0,11
1993,109,Jyrki Järvilehto,5.0,13
1993,104,Christian Fittipaldi,5.0,13
1993,57,Mika Häkkinen,4.0,15
1993,118,Derek Warwick,4.0,15
1993,22,Rubens Barrichello,2.0,17
1993,120,Fabrizio Barbazza,2.0,17
1993,112,Philippe Alliot,2.0,17
1993,56,Eddie Irvine,1.0,20
1993,100,Érik Comas,1.0,20
1993,70,Alessandro Zanardi,1.0,20
1993,126,Toshio Suzuki,0.0,23
1993,83,Pedro Lamy,0.0,23
1993,94,Pierluigi Martini,0.0,23
1993,79,Ukyo Katayama,0.0,23
1993,110,Andrea de Cesaris,0.0,23
1993,123,Thierry Boutsen,0.0,23
1993,88,Aguri Suzuki,0.0,23
1993,69,Luca Badoer,0.0,23
1993,105,Michele Alboreto,0.0,23
1994,30,Michael Schumacher,92.0,1
1994,71,Damon Hill,91.0,2
1994,77,Gerhard Berger,41.0,3
1994,57,Mika Häkkinen,26.0,4
1994,55,Jean Alesi,24.0,5
1994,22,Rubens Barrichello,19.0,6
1994,84,Martin Brundle,16.0,7
1994,14,David Coulthard,14.0,8
1994,95,Nigel Mansell,13.0,9
1994,50,Jos Verstappen,10.0,10
1994,44,Olivier Panis,9.0,11
1994,87,Mark Blundell,8.0,12
1994,49,Heinz-Harald Frentzen,7.0,13
1994,78,Nicola Larini,6.0,14
1994,104,Christian Fittipaldi,6.0,14
1994,56,Eddie Irvine,6.0,14
1994,79,Ukyo Katayama,5.0,17
1994,110,Andrea de Cesaris,4.0,18
1994,103,Éric Bernard,4.0,18
1994,94,Pierluigi Martini,4.0,18
1994,91,Karl Wendlinger,4.0,18
1994,81,Gianni Morbidelli,3.0,22
1994,100,Érik Comas,2.0,23
1994,109,Jyrki Järvilehto,1.0,24
1994,105,Michele Alboreto,1.0,24
1994,111,Jean-Marc Gounon,0.0,26
1994,85,Andrea Montermini,0.0,26
1994,70,Alessandro Zanardi,0.0,26
1994,88,Aguri Suzuki,0.0,26
1994,108,Paul Belmondo,0.0,26
1994,107,Roland Ratzenberger,0.0,26
1994,92,Bertrand Gachot,0.0,26
1994,106,Olivier Beretta,0.0,26
1994,102,Ayrton Senna,0.0,26
1994,101,David Brabham,0.0,26
1994,83,Pedro Lamy,0.0,26
1994,65,Johnny Herbert,0.0,26
1994,112,Philippe Alliot,0.0,26
1994,114,Yannick Dalmas,0.0,26
1994,113,Philippe Adams,0.0,26
1994,93,Domenico Schiattarella,0.0,26
1994,115,Hideki Noda,0.0,26
1994,63,Mika Salo,0.0,26
1994,116,Franck Lagorce,0.0,26
1994,89,Taki Inoue,0.0,26
1994,98,Jean-Denis Délétraz,0.0,26
1995,30,Michael Schumacher,102.0,1
1995,71,Damon Hill,69.0,2
1995,14,David Coulthard,49.0,3
1995,65,Johnny Herbert,45.0,4
1995,55,Jean Alesi,42.0,5
1995,77,Gerhard Berger,31.0,6
1995,57,Mika Häkkinen,17.0,7
1995,44,Olivier Panis,16.0,8
1995,49,Heinz-Harald Frentzen,15.0,9
1995,87,Mark Blundell,13.0,10
1995,22,Rubens Barrichello,11.0,11
1995,56,Eddie Irvine,10.0,12
1995,84,Martin Brundle,7.0,13
1995,81,Gianni Morbidelli,5.0,14
1995,63,Mika Salo,5.0,14
1995,96,Jean-Christophe Boullion,3.0,16
1995,83,Pedro Lamy,1.0,17
1995,88,Aguri Suzuki,1.0,17
1995,76,Jan Magnussen,0.0,19
1995,98,Jean-Denis Délétraz,0.0,19
1995,99,Gabriele Tarquini,0.0,19
1995,97,Massimiliano Papis,0.0,19
1995,92,Bertrand Gachot,0.0,19
1995,90,Roberto Moreno,0.0,19
1995,89,Taki Inoue,0.0,19
1995,91,Karl Wendlinger,0.0,19
1995,50,Jos Verstappen,0.0,19
1995,69,Luca Badoer,0.0,19
1995,94,Pierluigi Martini,0.0,19
1995,95,Nigel Mansell,0.0,19
1995,93,Domenico Schiattarella,0.0,19
1995,79,Ukyo Katayama,0.0,19
1995,64,Pedro Diniz,0.0,19
1995,85,Andrea Montermini,0.0,19
1996,71,Damon Hill,97.0,1
1996,35,Jacques Villeneuve,78.0,2
1996,30,Michael Schumacher,59.0,3
1996,55,Jean Alesi,47.0,4
1996,57,Mika Häkkinen,31.0,5
1996,77,Gerhard Berger,21.0,6
1996,14,David Coulthard,18.0,7
1996,22,Rubens Barrichello,14.0,8
1996,44,Olivier Panis,13.0,9
1996,56,Eddie Irvine,11.0,10
1996,84,Martin Brundle,8.0,11
1996,49,Heinz-Harald Frentzen,7.0,12
1996,63,Mika Salo,5.0,13
1996,65,Johnny Herbert,4.0,14
1996,64,Pedro Diniz,2.0,15
1996,50,Jos Verstappen,1.0,16
1996,73,Ricardo Rosset,0.0,17
1996,79,Ukyo Katayama,0.0,17
1996,83,Pedro Lamy,0.0,17
1996,69,Luca Badoer,0.0,17
1996,85,Andrea Montermini,0.0,17
1996,21,Giancarlo Fisichella,0.0,17
1996,86,Giovanni Lavaggi,0.0,17
1997,35,Jacques Villeneuve,81.0,1
1997,30,Michael Schumacher,78.0,2
1997,49,Heinz-Harald Frentzen,42.0,3
1997,55,Jean Alesi,36.0,4
1997,14,David Coulthard,36.0,4
1997,77,Gerhard Berger,27.0,6
1997,57,Mika Häkkinen,27.0,6
1997,56,Eddie Irvine,24.0,8
1997,21,Giancarlo Fisichella,20.0,9
1997,44,Olivier Panis,16.0,10
1997,65,Johnny Herbert,15.0,11
1997,23,Ralf Schumacher,13.0,12
1997,71,Damon Hill,7.0,13
1997,22,Rubens Barrichello,6.0,14
1997,25,Alexander Wurz,4.0,15
1997,15,Jarno Trulli,3.0,16
1997,63,Mika Salo,2.0,17
1997,64,Pedro Diniz,2.0,17
1997,75,Shinji Nakano,2.0,17
1997,78,Nicola Larini,1.0,20
1997,58,Tarso Marques,0.0,21
1997,82,Norberto Fontana,0.0,21
1997,81,Gianni Morbidelli,0.0,21
1997,76,Jan Magnussen,0.0,21
1997,79,Ukyo Katayama,0.0,21
1997,50,Jos Verstappen,0.0,21
1998,57,Mika Häkkinen,100.0,1
1998,30,Michael Schumacher,86.0,2
1998,14,David Coulthard,56.0,3
1998,56,Eddie Irvine,47.0,4
1998,35,Jacques Villeneuve,21.0,5
1998,71,Damon Hill,20.0,6
1998,49,Heinz-Harald Frentzen,17.0,7
1998,25,Alexander Wurz,17.0,7
1998,21,Giancarlo Fisichella,16.0,9
1998,23,Ralf Schumacher,14.0,10
1998,55,Jean Alesi,9.0,11
1998,22,Rubens Barrichello,4.0,12
1998,63,Mika Salo,3.0,13
1998,64,Pedro Diniz,3.0,13
1998,65,Johnny Herbert,1.0,15
1998,76,Jan Magnussen,1.0,15
1998,15,Jarno Trulli,1.0,15
1998,44,Olivier Panis,0.0,18
1998,68,Toranosuke Takagi,0.0,18
1998,75,Shinji Nakano,0.0,18
1998,73,Ricardo Rosset,0.0,18
1998,74,Esteban Tuero,0.0,18
1998,50,Jos Verstappen,0.0,18
1999,57,Mika Häkkinen,76.0,1
1999,56,Eddie Irvine,74.0,2
1999,49,Heinz-Harald Frentzen,54.0,3
1999,14,David Coulthard,48.0,4
1999,30,Michael Schumacher,44.0,5
1999,23,Ralf Schumacher,35.0,6
1999,22,Rubens Barrichello,21.0,7
1999,65,Johnny Herbert,15.0,8
1999,21,Giancarlo Fisichella,13.0,9
1999,63,Mika Salo,10.0,10
1999,15,Jarno Trulli,7.0,11
1999,71,Damon Hill,7.0,11
1999,64,Pedro Diniz,3.0,13
1999,25,Alexander Wurz,3.0,13
1999,55,Jean Alesi,2.0,15
1999,44,Olivier Panis,2.0,15
1999,48,Marc Gené,1.0,17
1999,37,Pedro de la Rosa,1.0,17
1999,35,Jacques Villeneuve,0.0,19
1999,41,Ricardo Zonta,0.0,19
1999,70,Alessandro Zanardi,0.0,19
1999,69,Luca Badoer,0.0,19
1999,68,Toranosuke Takagi,0.0,19
2000,30,Michael Schumacher,108.0,1
2000,57,Mika Häkkinen,89.0,2
2000,14,David Coulthard,73.0,3
2000,22,Rubens Barrichello,62.0,4
2000,23,Ralf Schumacher,24.0,5
2000,21,Giancarlo Fisichella,18.0,6
2000,35,Jacques Villeneuve,17.0,7
2000,18,Jenson Button,12.0,8
2000,49,Heinz-Harald Frentzen,11.0,9
2000,15,Jarno Trulli,6.0,10
2000,63,Mika Salo,6.0,10
2000,50,Jos Verstappen,5.0,12
2000,56,Eddie Irvine,4.0,13
2000,41,Ricardo Zonta,3.0,14
2000,25,Alexander Wurz,2.0,15
2000,37,Pedro de la Rosa,2.0,15
2000,48,Marc Gené,0.0,17
2000,2,Nick Heidfeld,0.0,17
2000,60,Gastón Mazzacane,0.0,17
2000,64,Pedro Diniz,0.0,17
2000,65,Johnny Herbert,0.0,17
2000,55,Jean Alesi,0.0,17
2000,54,Luciano Burti,0.0,17
2001,30,Michael Schumacher,123.0,1
2001,14,David Coulthard,65.0,2
2001,22,Rubens Barrichello,56.0,3
2001,23,Ralf Schumacher,49.0,4
2001,57,Mika Häkkinen,37.0,5
2001,31,Juan Pablo Montoya,31.0,6
2001,35,Jacques Villeneuve,12.0,7
2001,15,Jarno Trulli,12.0,7
2001,2,Nick Heidfeld,12.0,7
2001,8,Kimi Räikkönen,9.0,10
2001,21,Giancarlo Fisichella,8.0,11
2001,56,Eddie Irvine,6.0,12
2001,49,Heinz-Harald Frentzen,6.0,12
2001,55,Jean Alesi,5.0,14
2001,44,Olivier Panis,5.0,14
2001,37,Pedro de la Rosa,3.0,16
2001,18,Jenson Button,2.0,17
2001,50,Jos Verstappen,1.0,18
2001,62,Alex Yoong,0.0,19
2001,61,Tomáš Enge,0.0,19
2001,41,Ricardo Zonta,0.0,19
2001,59,Enrique Bernoldi,0.0,19
2001,58,Tarso Marques,0.0,19
2001,60,Gastón Mazzacane,0.0,19
2001,4,Fernando Alonso,0.0,19
2001,54,Luciano Burti,0.0,19
2002,30,Michael Schumacher,144.0,1
2002,22,Rubens Barrichello,77.0,2
2002,31,Juan Pablo Montoya,50.0,3
2002,23,Ralf Schumacher,42.0,4
2002,14,David Coulthard,41.0,5
2002,8,Kimi Räikkönen,24.0,6
2002,18,Jenson Button,14.0,7
2002,15,Jarno Trulli,9.0,8
2002,56,Eddie Irvine,8.0,9
2002,21,Giancarlo Fisichella,7.0,10
2002,2,Nick Heidfeld,7.0,10
2002,35,Jacques Villeneuve,4.0,12
2002,13,Felipe Massa,4.0,12
2002,44,Olivier Panis,3.0,14
2002,49,Heinz-Harald Frentzen,2.0,15
2002,11,Takuma Sato,2.0,15
2002,63,Mika Salo,2.0,15
2002,17,Mark Webber,2.0,15
2002,59,Enrique Bernoldi,0.0,19
2002,66,Allan McNish,0.0,19
2002,37,Pedro de la Rosa,0.0,19
2002,62,Alex Yoong,0.0,19
2003,30,Michael Schumacher,93.0,1
2003,8,Kimi Räikkönen,91.0,2
2003,31,Juan Pablo Montoya,82.0,3
2003,22,Rubens Barrichello,65.0,4
2003,23,Ralf Schumacher,58.0,5
2003,4,Fernando Alonso,55.0,6
2003,14,David Coulthard,51.0,7
2003,15,Jarno Trulli,33.0,8
2003,17,Mark Webber,17.0,9
2003,18,Jenson Button,17.0,9
2003,49,Heinz-Harald Frentzen,13.0,11
2003,21,Giancarlo Fisichella,12.0,12
2003,43,Cristiano da Matta,10.0,13
2003,44,Olivier Panis,6.0,14
2003,2,Nick Heidfeld,6.0,14
2003,35,Jacques Villeneuve,6.0,14
2003,48,Marc Gené,4.0,17
2003,11,Takuma Sato,3.0,18
2003,51,Justin Wilson,1.0,19
2003,52,Ralph Firman,1.0,19
2003,47,Zsolt Baumgartner,0.0,21
2003,53,Nicolas Kiesa,0.0,21
2003,42,Antônio Pizzonia,0.0,21
2003,50,Jos Verstappen,0.0,21
2004,30,Michael Schumacher,148.0,1
2004,22,Rubens Barrichello,114.0,2
2004,18,Jenson Button,85.0,3
2004,4,Fernando Alonso,59.0,4
2004,31,Juan Pablo Montoya,58.0,5
2004,15,Jarno Trulli,46.0,6
2004,8,Kimi Räikkönen,45.0,7
2004,11,Takuma Sato,34.0,8
2004,14,David Coulthard,24.0,9
2004,23,Ralf Schumacher,24.0,9
2004,21,Giancarlo Fisichella,22.0,11
2004,13,Felipe Massa,12.0,12
2004,17,Mark Webber,7.0,13
2004,42,Antônio Pizzonia,6.0,14
2004,44,Olivier Panis,6.0,14
2004,2,Nick Heidfeld,3.0,16
2004,43,Cristiano da Matta,3.0,16
2004,32,Christian Klien,3.0,16
2004,10,Timo Glock,2.0,19
2004,47,Zsolt Baumgartner,1.0,20
2004,35,Jacques Villeneuve,0.0,21
2004,41,Ricardo Zonta,0.0,21
2004,48,Marc Gené,0.0,21
2004,46,Gianmaria Bruni,0.0,21
2004,45,Giorgio Pantano,0.0,21
2005,4,Fernando Alonso,133.0,1
2005,8,Kimi Räikkönen,112.0,2
2005,30,Michael Schumacher,62.0,3
2005,31,Juan Pablo Montoya,60.0,4
2005,21,Giancarlo Fisichella,58.0,5
2005,23,Ralf Schumacher,45.0,6
2005,15,Jarno Trulli,43.0,7
2005,22,Rubens Barrichello,38.0,8
2005,18,Jenson Button,37.0,9
2005,17,Mark Webber,36.0,10
2005,2,Nick Heidfeld,28.0,11
2005,14,David Coulthard,24.0,12
2005,13,Felipe Massa,11.0,13
2005,35,Jacques Villeneuve,9.0,14
2005,32,Christian Klien,9.0,14
2005,33,Tiago Monteiro,7.0,16
2005,25,Alexander Wurz,6.0,17
2005,39,Narain Karthikeyan,5.0,18
2005,37,Pedro de la Rosa,4.0,19
2005,27,Christijan Albers,4.0,19
2005,40,Patrick Friesacher,3.0,21
2005,42,Antônio Pizzonia,2.0,22
2005,24,Vitantonio Liuzzi,1.0,23
2005,11,Takuma Sato,1.0,23
2005,41,Ricardo Zonta,0.0,25
2005,19,Anthony Davidson,0.0,25
2005,38,Robert Doornbos,0.0,25
2006,4,Fernando Alonso,134.0,1
2006,30,Michael Schumacher,121.0,2
2006,13,Felipe Massa,80.0,3
2006,21,Giancarlo Fisichella,72.0,4
2006,8,Kimi Räikkönen,65.0,5
2006,18,Jenson Button,56.0,6
2006,22,Rubens Barrichello,30.0,7
2006,31,Juan Pablo Montoya,26.0,8
2006,2,Nick Heidfeld,23.0,9
2006,23,Ralf Schumacher,20.0,10
2006,37,Pedro de la Rosa,19.0,11
2006,15,Jarno Trulli,15.0,12
2006,14,David Coulthard,14.0,13
2006,35,Jacques Villeneuve,7.0,14
2006,17,Mark Webber,7.0,14
2006,9,Robert Kubica,6.0,16
2006,3,Nico Rosberg,4.0,17
2006,32,Christian Klien,2.0,18
2006,24,Vitantonio Liuzzi,1.0,19
2006,29,Sakon Yamamoto,0.0,20
2006,38,Robert Doornbos,0.0,20
2006,36,Franck Montagny,0.0,20
2006,34,Yuji Ide,0.0,20
2006,27,Christijan Albers,0.0,20
2006,11,Takuma Sato,0.0,20
2006,33,Tiago Monteiro,0.0,20
2006,26,Scott Speed,0.0,20
2007,8,Kimi Räikkönen,110.0,1
2007,4,Fernando Alonso,109.0,2
2007,1,Lewis Hamilton,109.0,2
2007,13,Felipe Massa,94.0,4
2007,2,Nick Heidfeld,61.0,5
2007,9,Robert Kubica,39.0,6
2007,5,Heikki Kovalainen,30.0,7
2007,21,Giancarlo Fisichella,21.0,8
2007,3,Nico Rosberg,20.0,9
2007,14,David Coulthard,14.0,10
2007,25,Alexander Wurz,13.0,11
2007,17,Mark Webber,10.0,12
2007,15,Jarno Trulli,8.0,13
2007,20,Sebastian Vettel,6.0,14
2007,18,Jenson Button,6.0,14
2007,23,Ralf Schumacher,5.0,16
2007,11,Takuma Sato,4.0,17
2007,24,Vitantonio Liuzzi,3.0,18
2007,16,Adrian Sutil,1.0,19
2007,6,Kazuki Nakajima,0.0,20
2007,29,Sakon Yamamoto,0.0,20
2007,27,Christijan Albers,0.0,20
2007,26,Scott Speed,0.0,20
2007,19,Anthony Davidson,0.0,20
2007,22,Rubens Barrichello,0.0,20
2008,1,Lewis Hamilton,98.0,1
2008,13,Felipe Massa,97.0,2
2008,8,Kimi Räikkönen,75.0,3
2008,9,Robert Kubica,75.0,3
2008,4,Fernando Alonso,61.0,5
2008,2,Nick Heidfeld,60.0,6
2008,5,Heikki Kovalainen,53.0,7
2008,20,Sebastian Vettel,35.0,8
2008,15,Jarno Trulli,31.0,9
2008,10,Timo Glock,25.0,10
2008,17,Mark Webber,21.0,11
2008,12,Nelson Piquet Jr.,19.0,12
2008,3,Nico Rosberg,17.0,13
2008,22,Rubens Barrichello,11.0,14
2008,6,Kazuki Nakajima,9.0,15
2008,14,David Coulthard,8.0,16
2008,7,Sébastien Bourdais,4.0,17
2008,18,Jenson Button,3.0,18
2008,21,Giancarlo Fisichella,0.0,19
2008,19,Anthony Davidson,0.0,19
2008,11,Takuma Sato,0.0,19
2008,16,Adrian Sutil,0.0,19
2009,18,Jenson Button,95.0,1
2009,20,Sebastian Vettel,84.0,2
2009,22,Rubens Barrichello,77.0,3
2009,17,Mark Webber,69.5,4
2009,1,Lewis Hamilton,49.0,5
2009,8,Kimi Räikkönen,48.0,6
2009,3,Nico Rosberg,34.5,7
2009,15,Jarno Trulli,32.5,8
2009,4,Fernando Alonso,26.0,9
2009,10,Timo Glock,24.0,10
2009,13,Felipe Massa,22.0,11
2009,5,Heikki Kovalainen,22.0,11
2009,2,Nick Heidfeld,19.0,13
2009,9,Robert Kubica,17.0,14
2009,21,Giancarlo Fisichella,8.0,15
2009,67,Sébastien Buemi,6.0,16
2009,16,Adrian Sutil,5.0,17
2009,155,Kamui Kobayashi,3.0,18
2009,7,Sébastien Bourdais,2.0,19
2009,12,Nelson Piquet Jr.,0.0,20
2009,6,Kazuki Nakajima,0.0,20
2009,153,Jaime Alguersuari,0.0,20
2009,154,Romain Grosjean,0.0,20
2009,69,Luca Badoer,0.0,20
2009,24,Vitantonio Liuzzi,0.0,20
2010,20,Sebastian Vettel,256.0,1
2010,4,Fernando Alonso,252.0,2
2010,17,Mark Webber,242.0,3
2010,1,Lewis Hamilton,240.0,4
2010,18,Jenson Button,214.0,5
2010,13,Felipe Massa,144.0,6
2010,3,Nico Rosberg,142.0,7
2010,9,Robert Kubica,136.0,8
2010,30,Michael Schumacher,72.0,9
2010,22,Rubens Barrichello,47.0,10
2010,16,Adrian Sutil,47.0,10
2010,155,Kamui Kobayashi,32.0,12
2010,808,Vitaly Petrov,27.0,13
2010,807,Nico Hülkenberg,22.0,14
2010,24,Vitantonio Liuzzi,21.0,15
2010,67,Sébastien Buemi,8.0,16
2010,37,Pedro de la Rosa,6.0,17
2010,2,Nick Heidfeld,6.0,17
2010,153,Jaime Alguersuari,5.0,19
2010,5,Heikki Kovalainen,0.0,20
2010,15,Jarno Trulli,0.0,20
2010,811,Bruno Senna,0.0,20
2010,10,Timo Glock,0.0,20
2010,810,Lucas di Grassi,0.0,20
2010,812,Karun Chandhok,0.0,20
2010,29,Sakon Yamamoto,0.0,20
2010,32,Christian Klien,0.0,20
2011,20,Sebastian Vettel,392.0,1
2011,18,Jenson Button,270.0,2
2011,17,Mark Webber,258.0,3
2011,4,Fernando Alonso,257.0,4
2011,1,Lewis Hamilton,227.0,5
2011,13,Felipe Massa,118.0,6
2011,3,Nico Rosberg,89.0,7
2011,30,Michael Schumacher,76.0,8
2011,16,Adrian Sutil,42.0,9
2011,808,Vitaly Petrov,37.0,10
2011,2,Nick Heidfeld,34.0,11
2011,155,Kamui Kobayashi,30.0,12
2011,814,Paul di Resta,27.0,13
2011,153,Jaime Alguersuari,26.0,14
2011,67,Sébastien Buemi,15.0,15
2011,815,Sergio Pérez,14.0,16
2011,22,Rubens Barrichello,4.0,17
2011,811,Bruno Senna,2.0,18
2011,813,Pastor Maldonado,1.0,19
2011,15,Jarno Trulli,0.0,20
2011,816,Jérôme d'Ambrosio,0.0,20
2011,10,Timo Glock,0.0,20
2011,5,Heikki Kovalainen,0.0,20
2011,24,Vitantonio Liuzzi,0.0,20
2011,39,Narain Karthikeyan,0.0,20
2011,37,Pedro de la Rosa,0.0,20
2011,817,Daniel Ricciardo,0.0,20
2011,812,Karun Chandhok,0.0,20
2012,20,Sebastian Vettel,281.0,1
2012,4,Fernando Alonso,278.0,2
2012,8,Kimi Räikkönen,207.0,3
2012,1,Lewis Hamilton,190.0,4
2012,18,Jenson Button,188.0,5
2012,17,Mark Webber,179.0,6
2012,13,Felipe Massa,122.0,7
2012,154,Romain Grosjean,96.0,8
2012,3,Nico Rosberg,93.0,9
2012,815,Sergio Pérez,66.0,10
2012,807,Nico Hülkenberg,63.0,11
2012,155,Kamui Kobayashi,60.0,12
2012,30,Michael Schumacher,49.0,13
2012,814,Paul di Resta,46.0,14
2012,813,Pastor Maldonado,45.0,15
2012,811,Bruno Senna,31.0,16
2012,818,Jean-Éric Vergne,16.0,17
2012,817,Daniel Ricciardo,10.0,18
2012,10,Timo Glock,0.0,19
2012,819,Charles Pic,0.0,19
2012,5,Heikki Kovalainen,0.0,19
2012,808,Vitaly Petrov,0.0,19
2012,37,Pedro de la Rosa,0.0,19
2012,39,Narain Karthikeyan,0.0,19
2012,816,Jérôme d'Ambrosio,0.0,19
2013,20,Sebastian Vettel,397.0,1
2013,4,Fernando Alonso,242.0,2
2013,17,Mark Webber,199.0,3
2013,1,Lewis Hamilton,189.0,4
2013,8,Kimi Räikkönen,183.0,5
2013,3,Nico Rosberg,171.0,6
2013,154,Romain Grosjean,132.0,7
2013,13,Felipe Massa,112.0,8
2013,18,Jenson Button,73.0,9
2013,807,Nico Hülkenberg,51.0,10
2013,815,Sergio Pérez,49.0,11
2013,814,Paul di Resta,48.0,12
2013,16,Adrian Sutil,29.0,13
2013,817,Daniel Ricciardo,20.0,14
2013,818,Jean-Éric Vergne,13.0,15
2013,821,Esteban Gutiérrez,6.0,16
2013,822,Valtteri Bottas,4.0,17
2013,813,Pastor Maldonado,1.0,18
2013,824,Jules Bianchi,0.0,19
2013,819,Charles Pic,0.0,19
2013,820,Max Chilton,0.0,19
2013,823,Giedo van der Garde,0.0,19
2013,5,Heikki Kovalainen,0.0,19
2014,1,Lewis Hamilton,384.0,1
2014,3,Nico Rosberg,317.0,2
2014,817,Daniel Ricciardo,238.0,3
2014,822,Valtteri Bottas,186.0,4
2014,20,Sebastian Vettel,167.0,5
2014,4,Fernando Alonso,161.0,6
2014,13,Felipe Massa,134.0,7
2014,18,Jenson Button,126.0,8
2014,807,Nico Hülkenberg,96.0,9
2014,815,Sergio Pérez,59.0,10
2014,825,Kevin Magnussen,55.0,11
2014,8,Kimi Räikkönen,55.0,11
2014,818,Jean-Éric Vergne,22.0,13
2014,826,Daniil Kvyat,8.0,14
2014,154,Romain Grosjean,8.0,14
2014,824,Jules Bianchi,2.0,16
2014,813,Pastor Maldonado,2.0,16
2014,16,Adrian Sutil,0.0,18
2014,821,Esteban Gutiérrez,0.0,18
2014,820,Max Chilton,0.0,18
2014,828,Marcus Ericsson,0.0,18
2014,155,Kamui Kobayashi,0.0,18
2014,827,André Lotterer,0.0,18
2014,829,Will Stevens,0.0,18
2015,1,Lewis Hamilton,381.0,1
2015,3,Nico Rosberg,322.0,2
2015,20,Sebastian Vettel,278.0,3
2015,8,Kimi Räikkönen,150.0,4
2015,822,Valtteri Bottas,136.0,5
2015,13,Felipe Massa,121.0,6
2015,826,Daniil Kvyat,95.0,7
2015,817,Daniel Ricciardo,92.0,8
2015,815,Sergio Pérez,78.0,9
2015,807,Nico Hülkenberg,58.0,10
2015,154,Romain Grosjean,51.0,11
2015,830,Max Verstappen,49.0,12
2015,831,Felipe Nasr,27.0,13
2015,813,Pastor Maldonado,27.0,13
2015,832,Carlos Sainz,18.0,15
2015,18,Jenson Button,16.0,16
2015,4,Fernando Alonso,11.0,17
2015,828,Marcus Ericsson,9.0,18
2015,825,Kevin Magnussen,0.0,19
2015,833,Roberto Merhi,0.0,19
2015,829,Will Stevens,0.0,19
2015,834,Alexander Rossi,0.0,19
2016,3,Nico Rosberg,385.0,1
2016,1,Lewis Hamilton,380.0,2
2016,817,Daniel Ricciardo,256.0,3
2016,20,Sebastian Vettel,212.0,4
2016,830,Max Verstappen,204.0,5
2016,8,Kimi Räikkönen,186.0,6
2016,815,Sergio Pérez,101.0,7
2016,822,Valtteri Bottas,85.0,8
2016,807,Nico Hülkenberg,72.0,9
2016,4,Fernando Alonso,54.0,10
2016,13,Felipe Massa,53.0,11
2016,832,Carlos Sainz,46.0,12
2016,154,Romain Grosjean,29.0,13
2016,826,Daniil Kvyat,25.0,14
2016,18,Jenson Button,21.0,15
2016,825,Kevin Magnussen,7.0,16
2016,831,Felipe Nasr,2.0,17
2016,835,Jolyon Palmer,1.0,18
2016,836,Pascal Wehrlein,1.0,18
2016,838,Stoffel Vandoorne,1.0,18
2016,828,Marcus Ericsson,0.0,21
2016,837,Rio Haryanto,0.0,21
2016,821,Esteban Gutiérrez,0.0,21
2016,839,Esteban Ocon,0.0,21
2017,1,Lewis Hamilton,363.0,1
2017,20,Sebastian Vettel,317.0,2
2017,822,Valtteri Bottas,305.0,3
2017,8,Kimi Räikkönen,205.0,4
2017,817,Daniel Ricciardo,200.0,5
2017,830,Max Verstappen,168.0,6
2017,815,Sergio Pérez,100.0,7
2017,839,Esteban Ocon,87.0,8
2017,832,Carlos Sainz,54.0,9
2017,13,Felipe Massa,43.0,10
2017,807,Nico Hülkenberg,43.0,10
2017,840,Lance Stroll,40.0,12
2017,154,Romain Grosjean,28.0,13
2017,825,Kevin Magnussen,19.0,14
2017,4,Fernando Alonso,17.0,15
2017,838,Stoffel Vandoorne,13.0,16
2017,835,Jolyon Palmer,8.0,17
2017,826,Daniil Kvyat,5.0,18
2017,836,Pascal Wehrlein,5.0,18
2017,841,Antonio Giovinazzi,0.0,20
2017,828,Marcus Ericsson,0.0,20
2017,18,Jenson Button,0.0,20
2017,814,Paul di Resta,0.0,20
2017,842,Pierre Gasly,0.0,20
2017,843,Brendon Hartley,0.0,20
2018,1,Lewis Hamilton,408.0,1
2018,20,Sebastian Vettel,320.0,2
2018,8,Kimi Räikkönen,251.0,3
2018,830,Max Verstappen,249.0,4
2018,822,Valtteri Bottas,247.0,5
2018,817,Daniel Ricciardo,170.0,6
2018,807,Nico Hülkenberg,69.0,7
2018,815,Sergio Pérez,62.0,8
2018,825,Kevin Magnussen,56.0,9
2018,832,Carlos Sainz,53.0,10
2018,4,Fernando Alonso,50.0,11
2018,839,Esteban Ocon,49.0,12
2018,844,Charles Leclerc,39.0,13
2018,154,Romain Grosjean,37.0,14
2018,842,Pierre Gasly,29.0,15
2018,838,Stoffel Vandoorne,12.0,16
2018,828,Marcus Ericsson,9.0,17
2018,840,Lance Stroll,6.0,18
2018,843,Brendon Hartley,4.0,19
2018,845,Sergey Sirotkin,1.0,20
2019,1,Lewis Hamilton,413.0,1
2019,822,Valtteri Bottas,326.0,2
2019,830,Max Verstappen,278.0,3
2019,844,Charles Leclerc,264.0,4
2019,20,Sebastian Vettel,240.0,5
2019,832,Carlos Sainz,96.0,6
2019,842,Pierre Gasly,95.0,7
2019,848,Alexander Albon,92.0,8
2019,817,Daniel Ricciardo,54.0,9
2019,815,Sergio Pérez,52.0,10
2019,846,Lando Norris,49.0,11
2019,8,Kimi Räikkönen,43.0,12
2019,807,Nico Hülkenberg,37.0,13
2019,826,Daniil Kvyat,37.0,13
2019,840,Lance Stroll,21.0,15
2019,825,Kevin Magnussen,20.0,16
2019,841,Antonio Giovinazzi,14.0,17
2019,154,Romain Grosjean,8.0,18
2019,9,Robert Kubica,1.0,19
2019,847,George Russell,0.0,20
2020,1,Lewis Hamilton,347.0,1
2020,822,Valtteri Bottas,223.0,2
2020,830,Max Verstappen,214.0,3
2020,815,Sergio Pérez,125.0,4
2020,817,Daniel Ricciardo,119.0,5
2020,832,Carlos Sainz,105.0,6
2020,848,Alexander Albon,105.0,6
2020,844,Charles Leclerc,98.0,8
2020,846,Lando Norris,97.0,9
2020,842,Pierre Gasly,75.0,10
2020,840,Lance Stroll,75.0,10
2020,839,Esteban Ocon,62.0,12
2020,20,Sebastian Vettel,33.0,13
2020,826,Daniil Kvyat,32.0,14
2020,807,Nico Hülkenberg,10.0,15
2020,841,Antonio Giovinazzi,4.0,16
2020,8,Kimi Räikkönen,4.0,16
2020,847,George Russell,3.0,18
2020,154,Romain Grosjean,2.0,19
2020,825,Kevin Magnussen,1.0,20
2020,851,Jack Aitken,0.0,21
2020,850,Pietro Fittipaldi,0.0,21
2020,849,Nicholas Latifi,0.0,21
2021,830,Max Verstappen,395.5,1
2021,1,Lewis Hamilton,387.5,2
2021,822,Valtteri Bottas,226.0,3
2021,815,Sergio Pérez,190.0,4
2021,832,Carlos Sainz,164.5,5
2021,846,Lando Norris,160.0,6
2021,844,Charles Leclerc,159.0,7
2021,817,Daniel Ricciardo,115.0,8
2021,842,Pierre Gasly,110.0,9
2021,4,Fernando Alonso,81.0,10
2021,839,Esteban Ocon,74.0,11
2021,20,Sebastian Vettel,43.0,12
2021,840,Lance Stroll,34.0,13
2021,852,Yuki Tsunoda,32.0,14
2021,847,George Russell,16.0,15
2021,8,Kimi Räikkönen,10.0,16
2021,849,Nicholas Latifi,7.0,17
2021,841,Antonio Giovinazzi,3.0,18
2021,854,Mick Schumacher,0.0,19
2021,853,Nikita Mazepin,0.0,19
2021,9,Robert Kubica,0.0,19
2022,830,Max Verstappen,454.0,1
2022,844,Charles Leclerc,308.0,2
2022,815,Sergio Pérez,305.0,3
2022,847,George Russell,275.0,4
2022,832,Carlos Sainz,246.0,5
2022,1,Lewis Hamilton,240.0,6
2022,846,Lando Norris,122.0,7
2022,839,Esteban Ocon,92.0,8
2022,4,Fernando Alonso,81.0,9
2022,822,Valtteri Bottas,49.0,10
2022,817,Daniel Ricciardo,37.0,11
2022,20,Sebastian Vettel,37.0,11
2022,825,Kevin Magnussen,25.0,13
2022,842,Pierre Gasly,23.0,14
2022,840,Lance Stroll,18.0,15
2022,852,Yuki Tsunoda,12.0,16
2022,854,Mick Schumacher,12.0,16
2022,855,Guanyu Zhou,6.0,18
2022,848,Alexander Albon,4.0,19
2022,849,Nicholas Latifi,2.0,20
2022,856,Nyck de Vries,2.0,20
2022,807,Nico Hülkenberg,0.0,22
